"","GeneSymbol","FBgn_ID.x","FBgn_ID.y","GeneName","gene_snapshot_text","chr","start","end","strand","FBgn_ID","GO_IDs"
"54","AcCoAS","FBgn0012034","FBgn0012034","Acetyl Coenzyme A synthase","In progress.","3L",21270722,21280243,"-","FBgn0012034","GO:0019427, GO:0016208, GO:0003987, GO:0048149, GO:0031955, GO:0006633"
"89","Act79B","FBgn0000045","FBgn0000045","Actin 79B","In progress.","3L",21985210,21987190,"+","FBgn0000045","GO:0005200, GO:0007010, GO:0005884"
"141","AGBE","FBgn0053138","FBgn0053138","1,4-Alpha-Glucan Branching Enzyme","1,4-Alpha-Glucan Branching Enzyme (AGBE) is inferred to be a hydrolase involved in glycogen synthesis and hypoxia, based on the function of its orthologs. AGBE contributes to the determination of Drosophila lifespan.","2R",13171401,13174796,"+","FBgn0053138","GO:0004553, GO:0043169, GO:0008340, GO:0003844, GO:0005975, GO:0005978"
"174","Alp2","FBgn0283480","FBgn0283480","Alkaline phosphatase 2","Insufficient genetic data for FlyBase to solicit a summary.","2R",22206005,22207987,"-","FBgn0283480","GO:0004035, GO:0016311, GO:0009986"
"181","alpha-Est2","FBgn0015570","FBgn0015570","alpha-Esterase-2","Insufficient genetic data for FlyBase to solicit a summary.","3R",7541810,7545230,"+","FBgn0015570","GO:0052689"
"211","Amnionless","FBgn0025686","FBgn0025686","Amnionless","In progress.","2L",287252,289144,"-","FBgn0025686","GO:0097017, GO:0016021, GO:0097206"
"226","Ance","FBgn0012037","FBgn0012037","Angiotensin converting enzyme","Angiotensin converting enzyme (Ance) encodes a member of the peptidyl-dipeptidase A family of zinc metallopeptidases. Ance product is an extracellular glycosylated enzyme with a broad substrate specificity, cleaving dipeptides from the carboxy terminus of oligopeptides.","2L",13905645,13909212,"+","FBgn0012037","GO:0008241, GO:0007552, GO:0007291, GO:0007289, GO:0005615, GO:0006508, GO:0009609, GO:0008237, GO:0005886, GO:0008239, GO:0008238"
"229","Ance-5","FBgn0035076","FBgn0035076","Ance-5","Insufficient genetic data for FlyBase to solicit a summary.","2R",24888628,24891023,"-","FBgn0035076","GO:0008237, GO:0006508, GO:0008241, GO:0005615, GO:0005886, GO:0004180, GO:0008238"
"278","aralar1","FBgn0028646","FBgn0028646","aralar1","Insufficient genetic data for FlyBase to solicit a summary.","3R",30445635,30455867,"-","FBgn0028646","GO:0006839, GO:0022857, GO:0005743, GO:0005509, GO:0006851, GO:0042060, GO:0042802, GO:0005739, GO:0043490, GO:0005313, GO:0015810, GO:0015183, GO:0015813"
"412","AttA","FBgn0012042","FBgn0012042","Attacin-A","Attacin-A is an antibacterial peptide with activity against Gram-negative bacteria. It is expressed in the fat body and various epithelia under the regulation of the Immune Deficiency and, to a lesser extent, Toll pathways.","2R",14747362,14748215,"+","FBgn0012042","GO:0019731, GO:0050829, GO:0005615, GO:0006959, GO:0050830, GO:0055093"
"413","AttB","FBgn0041581","FBgn0041581","Attacin-B","Attacin-B  is an immune inducible peptide that shows homology to antibacterial peptides having activity against Gram-negative bacteria.","2R",14749223,14750165,"+","FBgn0041581","GO:0005576, GO:0019731, GO:0005615, GO:0006959, GO:0050830, GO:0050829, GO:0055093"
"414","AttC","FBgn0041579","FBgn0041579","Attacin-C","Attacin-C  is an immune inducible peptide that shows homology to antibacterial peptides having activity against Gram-negative bacteria.","2R",13393705,13394667,"+","FBgn0041579","GO:0019731, GO:0005576, GO:0006952, GO:0009617, GO:0006959, GO:0005615, GO:0050830, GO:0055093, GO:0050829"
"446","Bace","FBgn0032049","FBgn0032049","beta-site APP-cleaving enzyme","Beta-site APP-cleaving enzyme (Bace) is an aspartic protease that cleaves amyloid precursor proteins. In humans, Bace, together with the gamma-secretase complex, generates the toxic Abeta peptide that accumulates in Alzheimer's disease. Drosophila Bace contributes to glial cell survival and enhances neuronal degeneration caused by expression of Appl.","2L",8494893,8496307,"-","FBgn0032049","GO:0016540, GO:1902944, GO:0004190, GO:0030163, GO:0006508"
"665","Caf1-180","FBgn0030054","FBgn0030054","Chromatin assembly factor 1, p180 subunit","In progress.","X",8602137,8606304,"-","FBgn0030054","GO:0006334, GO:0042393, GO:0033186, GO:0000724, GO:0005634, GO:0010332, GO:0034728, GO:0007444, GO:0042023, GO:0035264"
"786","CecB","FBgn0000278","FBgn0000278","Cecropin B","Cecropin B is an helicoidal antibacterial peptide with activity against Gram-negative bacteria. It is mostly expressed at the pupal stage.","3R",30213315,30213797,"-","FBgn0000278","GO:0019731, GO:0050829, GO:0005576, GO:0050830, GO:0006959, GO:0005615"
"787","CecC","FBgn0000279","FBgn0000279","Cecropin C","Cecropin C is antibacterial peptide with activity against Gram-negative bacteria. It is strongly expressed at the pupal stage.","3R",30216484,30216938,"+","FBgn0000279","GO:0050830, GO:0019731, GO:0005576, GO:0050829, GO:0005615, GO:0006959"
"852","CG10182","FBgn0039091","FBgn0039091","-","Insufficient genetic data for FlyBase to solicit a summary.","3R",23587120,23589819,"-","FBgn0039091","GO:0016747"
"956","CG10560","FBgn0039325","FBgn0039325","-","Insufficient genetic data for FlyBase to solicit a summary.","3R",25318550,25320101,"-","FBgn0039325","GO:0005575, GO:0003674, GO:0008150"
"1114","CG11149","FBgn0031732","FBgn0031732","-","In progress.","2L",5718121,5720899,"-","FBgn0031732","GO:0015020, GO:0005794, GO:0035269"
"1163","CG11334","FBgn0039849","FBgn0039849","-","Insufficient genetic data for FlyBase to solicit a summary.","3R",31459822,31463037,"-","FBgn0039849","GO:0019509, GO:0046523"
"1181","CG1139","FBgn0035300","FBgn0035300","-","In progress.","3L",1971638,1974285,"+","FBgn0035300","GO:0003333, GO:0015171, GO:0040008"
"1206","CG11459","FBgn0037396","FBgn0037396","-","Insufficient genetic data for FlyBase to solicit a summary.","3R",6025826,6027238,"-","FBgn0037396","GO:0005764, GO:0004197, GO:0005615, GO:0051603"
"1229","CG11594","FBgn0035484","FBgn0035484","-","Insufficient genetic data for FlyBase to solicit a summary.","3L",4022700,4026011,"-","FBgn0035484","GO:0005975, GO:0016773, GO:0034976"
"1303","CG11854","FBgn0039299","FBgn0039299","-","Insufficient genetic data for FlyBase to solicit a summary.","3R",25242020,25243262,"+","FBgn0039299","GO:0005615"
"1359","CG1208","FBgn0037386","FBgn0037386","-","Insufficient genetic data for FlyBase to solicit a summary.","3R",5831639,5838782,"+","FBgn0037386","GO:0055085, GO:0005887, GO:0005351"
"1379","CG1213","FBgn0037387","FBgn0037387","-","In progress.","3R",5841170,5846568,"+","FBgn0037387","GO:0055085, GO:0005887, GO:0005351"
"1439","CG12374","FBgn0033774","FBgn0033774","-","Insufficient genetic data for FlyBase to solicit a summary.","2R",12762113,12763825,"+","FBgn0033774","GO:0008270, GO:0004181, GO:0006508, GO:0005615"
"1642","CG13155","FBgn0033723","FBgn0033723","-","Insufficient genetic data for FlyBase to solicit a summary.","2R",12379614,12380426,"-","FBgn0033723","GO:0005575, GO:0003674, GO:0008150"
"1692","CG13325","FBgn0033792","FBgn0033792","-","In progress.","2R",13110769,13126014,"+","FBgn0033792","GO:0016747"
"1943","CG14160","FBgn0036066","FBgn0036066","-","In progress.","3L",10086747,10089400,"-","FBgn0036066","GO:0022857, GO:0016021, GO:0055085"
"1956","CG14204","FBgn0031032","FBgn0031032","-","Insufficient genetic data for FlyBase to solicit a summary.","X",19583617,19587057,"+","FBgn0031032","GO:0016747"
"1957","CG14205","FBgn0031034","FBgn0031034","-","Insufficient genetic data for FlyBase to solicit a summary.","X",19592609,19595548,"+","FBgn0031034","GO:0016747"
"1963","CG14219","FBgn0031033","FBgn0031033","-","Insufficient genetic data for FlyBase to solicit a summary.","X",19587348,19590170,"-","FBgn0031033","GO:0016747"
"2062","CG14499","FBgn0034317","FBgn0034317","-","Insufficient genetic data for FlyBase to solicit a summary.","2R",18187707,18188573,"+","FBgn0034317","GO:0005575, GO:0008150, GO:0030246"
"2203","CG14893","FBgn0038451","FBgn0038451","-","Insufficient genetic data for FlyBase to solicit a summary.","3R",16620778,16622702,"+","FBgn0038451","GO:0080019, GO:0010025, GO:0035336, GO:0005777"
"2259","CG15065","FBgn0040734","FBgn0040734","-","Insufficient genetic data for FlyBase to solicit a summary.","2R",18389959,18390242,"+","FBgn0040734","GO:0003674, GO:0005615, GO:0006952"
"2268","CG15096","FBgn0034394","FBgn0034394","-","In progress.","2R",18808356,18815019,"-","FBgn0034394","GO:0055085, GO:0005215, GO:0016021, GO:0005886"
"2278","CG15120","FBgn0034454","FBgn0034454","-","In progress.","2R",19497752,19500372,"+","FBgn0034454","GO:0031625, GO:0005829, GO:0060548, GO:0005634, GO:0051879, GO:0030544, GO:0051087"
"2296","CG15170","FBgn0032733","FBgn0032733","-","Insufficient genetic data for FlyBase to solicit a summary.","2L",18988268,18990233,"-","FBgn0032733","GO:0042060"
"2353","CG15369","FBgn0030105","FBgn0030105","-","In progress.","X",9216872,9217466,"+","FBgn0030105","GO:0004869"
"2412","CG15533","FBgn0039768","FBgn0039768","-","Insufficient genetic data for FlyBase to solicit a summary.","3R",30428820,30431362,"+","FBgn0039768","GO:0008081, GO:0004767, GO:0006685, GO:0005764, GO:0061750, GO:0046513, GO:0005615"
"2413","CG15534","FBgn0039769","FBgn0039769","-","Insufficient genetic data for FlyBase to solicit a summary.","3R",30432064,30435139,"+","FBgn0039769","GO:0005615, GO:0046513, GO:0004767, GO:0006685, GO:0061750, GO:0005764, GO:0008081"
"2492","CG15784","FBgn0029766","FBgn0029766","-","Insufficient genetic data for FlyBase to solicit a summary.","X",5429571,5432526,"+","FBgn0029766","GO:0003674, GO:0005575, GO:0008150, GO:0005634"
"2551","CG16713","FBgn0031560","FBgn0031560","-","Insufficient genetic data for FlyBase to solicit a summary.","2L",3695032,3695411,"-","FBgn0031560","GO:0004867"
"2556","CG16723","FBgn0039092","FBgn0039092","-","Insufficient genetic data for FlyBase to solicit a summary.","3R",23593625,23596273,"-","FBgn0039092","GO:0016747"
"2557","CG16727","FBgn0038719","FBgn0038719","-","Insufficient genetic data for FlyBase to solicit a summary.","3R",19613381,19615784,"+","FBgn0038719","GO:0016021, GO:0022857, GO:0055085"
"2627","CG16985","FBgn0035355","FBgn0035355","-","In progress.","3L",2599297,2600242,"+","FBgn0035355","GO:0047617, GO:0051289"
"2628","CG16986","FBgn0035356","FBgn0035356","-","In progress.","3L",2600331,2601536,"+","FBgn0035356","GO:0051289, GO:0047617"
"2807","CG17752","FBgn0038718","FBgn0038718","-","Insufficient genetic data for FlyBase to solicit a summary.","3R",19610225,19612437,"+","FBgn0038718","GO:0022857, GO:0016021, GO:0055085"
"2848","CG18003","FBgn0061356","FBgn0061356","-","In progress.","2R",10883547,10884936,"+","FBgn0061356","GO:0055114, GO:0003973, GO:0005777, GO:0010181"
"2922","CG18493","FBgn0038701","FBgn0038701","-","Insufficient genetic data for FlyBase to solicit a summary.","3R",19390270,19392132,"+","FBgn0038701","GO:0008236, GO:0008239, GO:0006508"
"2934","CG18547","FBgn0037973","FBgn0037973","-","In progress.","3R",11978574,11980390,"-","FBgn0037973","GO:0055114, GO:0016491, GO:0005829"
"2936","CG18557","FBgn0031470","FBgn0031470","-","Insufficient genetic data for FlyBase to solicit a summary.","2L",2844601,2845734,"-","FBgn0031470","GO:0004252, GO:0005615, GO:0006508"
"2938","CG18563","FBgn0032639","FBgn0032639","-","Insufficient genetic data for FlyBase to solicit a summary.","2L",17456670,17458044,"-","FBgn0032639","GO:0004252, GO:0005615, GO:0006508"
"2942","CG18585","FBgn0031929","FBgn0031929","-","Insufficient genetic data for FlyBase to solicit a summary.","2L",7689311,7691061,"-","FBgn0031929","GO:0008270, GO:0006508, GO:0004181, GO:0005615"
"3001","CG1946","FBgn0033216","FBgn0033216","-","In progress.","2R",7714923,7716781,"+","FBgn0033216","GO:0016747"
"3028","CG2070","FBgn0033203","FBgn0033203","-","Insufficient genetic data for FlyBase to solicit a summary.","2R",7661855,7663408,"+","FBgn0033203","GO:0052650"
"3076","CG2444","FBgn0030326","FBgn0030326","-","Insufficient genetic data for FlyBase to solicit a summary.","X",11704310,11705300,"-","FBgn0030326","GO:0005615, GO:0051607"
"3160","CG30002","FBgn0260474","FBgn0260474","-","Insufficient genetic data for FlyBase to solicit a summary.","2R",9704384,9706147,"+","FBgn0260474","GO:0004252, GO:0006508"
"3178","CG30049","FBgn0050049","FBgn0050049","-","Insufficient genetic data for FlyBase to solicit a summary.","2R",12355671,12359087,"+","FBgn0050049","GO:0005575"
"3191","CG30091","FBgn0050091","FBgn0050091","-","In progress.","2R",15680545,15682477,"+","FBgn0050091","GO:0006508, GO:0004252"
"3194","CG30098","FBgn0050098","FBgn0050098","-","Insufficient genetic data for FlyBase to solicit a summary.","2R",16354224,16355215,"-","FBgn0050098","GO:0005575, GO:0006508, GO:0004252, GO:0050830"
"3212","CG30160","FBgn0050160","FBgn0050160","-","Insufficient genetic data for FlyBase to solicit a summary.","2R",7005157,7006136,"+","FBgn0050160","GO:0016021"
"3328","CG31041","FBgn0051041","FBgn0051041","-","Insufficient genetic data for FlyBase to solicit a summary.","3R",29590070,29590906,"-","FBgn0051041","GO:0008150, GO:0003674, GO:0005575"
"3342","CG31089","FBgn0051089","FBgn0051089","-","Insufficient genetic data for FlyBase to solicit a summary.","3R",25902643,25904178,"+","FBgn0051089","GO:0044255, GO:0016298"
"3343","CG31091","FBgn0051091","FBgn0051091","-","Insufficient genetic data for FlyBase to solicit a summary.","3R",25899903,25902172,"+","FBgn0051091","GO:0044255, GO:0016298"
"3422","CG31321","FBgn0051321","FBgn0051321","-","Insufficient genetic data for FlyBase to solicit a summary.","3R",14310362,14314412,"+","FBgn0051321","GO:0003674, GO:0005575, GO:0055085, GO:0016021"
"3547","CG31775","FBgn0028537","FBgn0028537","-","Insufficient genetic data for FlyBase to solicit a summary.","2L",14737090,14737769,"-","FBgn0028537","GO:0005575, GO:0003674, GO:0008150"
"3720","CG32302","FBgn0052302","FBgn0052302","-","In progress.","3L",2268825,2269903,"+","FBgn0052302","GO:0005576, GO:0008061, GO:0006030"
"3747","CG32444","FBgn0043783","FBgn0043783","-","In progress.","3L",21636947,21639060,"+","FBgn0043783","GO:0030246, GO:0004034, GO:0033499, GO:0006006"
"3810","CG32669","FBgn0052669","FBgn0052669","-","Insufficient genetic data for FlyBase to solicit a summary.","X",10842697,10845081,"-","FBgn0052669","GO:0055085, GO:0022857, GO:0016020"
"3832","CG32751","FBgn0052751","FBgn0052751","-","Insufficient genetic data for FlyBase to solicit a summary.","X",6196580,6198654,"-","FBgn0052751","GO:0005575, GO:0008150, GO:0016811, GO:0006807"
"3949","CG33301","FBgn0053301","FBgn0053301","-","Insufficient genetic data for FlyBase to solicit a summary.","2L",10049580,10051201,"+","FBgn0053301","GO:0005575, GO:0003674, GO:0008150"
"3951","CG33306","FBgn0053306","FBgn0053306","-","Insufficient genetic data for FlyBase to solicit a summary.","2L",13842888,13843742,"-","FBgn0053306","GO:0008150, GO:0005575, GO:0003674"
"3961","CG33337","FBgn0053337","FBgn0053337","-","Insufficient genetic data for FlyBase to solicit a summary.","3R",23590141,23592769,"-","FBgn0053337","GO:0005575, GO:0008150, GO:0016747"
"3973","CG33469","FBgn0053469","FBgn0053469","-","Insufficient genetic data for FlyBase to solicit a summary.","2R",14605652,14606302,"-","FBgn0053469","GO:0005575, GO:0003674, GO:0008150"
"3975","CG33470","FBgn0053470","FBgn0053470","-","Insufficient genetic data for FlyBase to solicit a summary.","2R",13411739,13413085,"+","FBgn0053470","GO:0005575, GO:0003674, GO:0008150"
"3977","CG3348","FBgn0040609","FBgn0040609","-","Insufficient genetic data for FlyBase to solicit a summary.","3R",27291535,27292209,"-","FBgn0040609","GO:0008061, GO:0006030, GO:0005576"
"3986","CG33509","FBgn0053509","FBgn0053509","-","Insufficient genetic data for FlyBase to solicit a summary.","2L",21084605,21086506,"-","FBgn0053509","GO:0005575, GO:0008150, GO:0003674"
"3988","CG33511","FBgn0053511","FBgn0053511","-","Insufficient genetic data for FlyBase to solicit a summary.","2L",21081127,21082494,"-","FBgn0053511","GO:0005575, GO:0003674, GO:0008150"
"4047","CG34040","FBgn0054040","FBgn0054040","-","Insufficient genetic data for FlyBase to solicit a summary.","2R",21832501,21833551,"-","FBgn0054040","GO:0008150, GO:0005575, GO:0003674"
"4053","CG34054","FBgn0054054","FBgn0054054","-","Insufficient genetic data for FlyBase to solicit a summary.","2R",11409810,11410438,"-","FBgn0054054","GO:0003674, GO:0008150, GO:0005575"
"4095","CG34180","FBgn0085209","FBgn0085209","-","Insufficient genetic data for FlyBase to solicit a summary.","2L",6060510,6060938,"+","FBgn0085209","GO:0005575, GO:0003674, GO:0008150"
"4232","CG3534","FBgn0038463","FBgn0038463","-","Insufficient genetic data for FlyBase to solicit a summary.","3R",16996446,16999449,"+","FBgn0038463","GO:0070062, GO:0046835, GO:0004856, GO:0005997, GO:0016310, GO:0005737"
"4253","CG3609","FBgn0031418","FBgn0031418","-","In progress.","2L",2372455,2374627,"-","FBgn0031418","GO:0055114, GO:0016491"
"4292","CG3734","FBgn0038700","FBgn0038700","-","Insufficient genetic data for FlyBase to solicit a summary.","3R",19387861,19389866,"+","FBgn0038700","GO:0008236, GO:0006508, GO:0008239"
"4294","CG3739","FBgn0038702","FBgn0038702","-","Insufficient genetic data for FlyBase to solicit a summary.","3R",19393360,19395188,"+","FBgn0038702","GO:0008236, GO:0006508, GO:0008239"
"4418","CG42255","FBgn0259140","FBgn0259140","-","Insufficient genetic data for FlyBase to solicit a summary.","3L",11801951,11814755,"-","FBgn0259140","GO:0005509, GO:0005829"
"4442","CG42329","FBgn0259229","FBgn0259229","-","In progress.","2L",1219293,1229802,"+","FBgn0259229","GO:0016747"
"4459","CG42369","FBgn0259715","FBgn0259715","-","Insufficient genetic data for FlyBase to solicit a summary.","2L",6395853,6397249,"-","FBgn0259715","GO:0008150, GO:0005575, GO:0003674"
"4490","CG4250","FBgn0034761","FBgn0034761","-","Insufficient genetic data for FlyBase to solicit a summary.","2R",22663692,22664474,"+","FBgn0034761","GO:0003674, GO:0005575, GO:0008150"
"4516","CG42586","FBgn0260954","FBgn0260954","-","Insufficient genetic data for FlyBase to solicit a summary.","2L",14741161,14741840,"-","FBgn0260954","GO:0003674, GO:0008150, GO:0005575"
"4562","CG42711","FBgn0261628","FBgn0261628","-","Insufficient genetic data for FlyBase to solicit a summary.","2L",13930322,13931362,"-","FBgn0261628","GO:0003674, GO:0005575, GO:0008150"
"4638","CG43055","FBgn0262357","FBgn0262357","-","In progress.","2L",4411155,4411824,"+","FBgn0262357","GO:0005534, GO:0005576, GO:0043152"
"4692","CG43165","FBgn0262721","FBgn0262721","-","In progress.","2L",3694431,3695020,"-","FBgn0262721","GO:0004867, GO:0005615"
"4717","CG43236","FBgn0262881","FBgn0262881","-","Insufficient genetic data for FlyBase to solicit a summary.","2R",14638538,14638935,"+","FBgn0262881","GO:0005575, GO:0003674, GO:0008150"
"4733","CG43291","FBgn0262983","FBgn0262983","-","Insufficient genetic data for FlyBase to solicit a summary.","3R",14234984,14244677,"-","FBgn0262983","GO:0003674, GO:0008150, GO:0005575"
"4756","CG43348","FBgn0263080","FBgn0263080","-","Insufficient genetic data for FlyBase to solicit a summary.","2L",1199412,1199924,"+","FBgn0263080","GO:0005575, GO:0008150, GO:0003674"
"4760","CG43351","FBgn0263083","FBgn0263083","-","Insufficient genetic data for FlyBase to solicit a summary.","2R",19030009,19030250,"+","FBgn0263083","GO:0005575, GO:0008150, GO:0003674"
"4839","CG43920","FBgn0264541","FBgn0264541","-","Insufficient genetic data for FlyBase to solicit a summary.","2R",17598845,17599253,"-","FBgn0264541","GO:0003674, GO:0008150, GO:0005575"
"4932","CG45061","FBgn0266431","FBgn0266431","-","Insufficient genetic data for FlyBase to solicit a summary.","X",9871098,9871702,"-","FBgn0266431","GO:0008150, GO:0005575, GO:0003674"
"5054","CG4757","FBgn0027584","FBgn0027584","-","Insufficient genetic data for FlyBase to solicit a summary.","3R",11161207,11163498,"+","FBgn0027584","GO:0008150, GO:0052689, GO:0005615"
"5413","CG6067","FBgn0029828","FBgn0029828","-","Insufficient genetic data for FlyBase to solicit a summary.","X",5955629,5958283,"+","FBgn0029828","GO:0004252, GO:0006508"
"5465","CG6296","FBgn0039470","FBgn0039470","-","In progress.","3R",27003236,27005469,"-","FBgn0039470","GO:0005575, GO:0008970, GO:0016042, GO:0016298"
"5515","CG6484","FBgn0034247","FBgn0034247","-","Insufficient genetic data for FlyBase to solicit a summary.","2R",17582007,17584012,"-","FBgn0034247","GO:0055085, GO:0005351, GO:0005887"
"5517","CG6495","FBgn0027550","FBgn0027550","-","In progress.","2L",10761116,10764971,"+","FBgn0027550","GO:0010906"
"5628","CG6967","FBgn0034187","FBgn0034187","-","In progress.","2R",17062775,17066546,"+","FBgn0034187","GO:0032575, GO:0035194, GO:0043186, GO:0005829, GO:0003723"
"5714","CG7322","FBgn0030968","FBgn0030968","-","Insufficient genetic data for FlyBase to solicit a summary.","X",18855873,18857757,"-","FBgn0030968","GO:0016655, GO:0050038, GO:0006006, GO:0005997, GO:0004090"
"5776","CG7542","FBgn0036738","FBgn0036738","-","Insufficient genetic data for FlyBase to solicit a summary.","3L",17549826,17550980,"+","FBgn0036738","GO:0006508, GO:0004252"
"5798","CG7631","FBgn0028945","FBgn0028945","-","Insufficient genetic data for FlyBase to solicit a summary.","2L",15628678,15629552,"+","FBgn0028945","GO:0006508, GO:0008270, GO:0004222"
"5894","CG7997","FBgn0034117","FBgn0034117","-","Insufficient genetic data for FlyBase to solicit a summary.","2R",16341251,16344182,"-","FBgn0034117","GO:0004557, GO:0016139, GO:0009311, GO:0046477, GO:0005737"
"5913","CG8046","FBgn0033388","FBgn0033388","-","Insufficient genetic data for FlyBase to solicit a summary.","2R",9162037,9164967,"-","FBgn0033388","GO:0006072, GO:0055085, GO:0009331, GO:0004368, GO:0016021, GO:0055114"
"6100","CG8773","FBgn0038135","FBgn0038135","-","Insufficient genetic data for FlyBase to solicit a summary.","3R",13294748,13298288,"+","FBgn0038135","GO:0002003, GO:0033227, GO:0008270, GO:0043171, GO:0005737, GO:0070006, GO:0006508, GO:0042277"
"6148","CG8997","FBgn0028920","FBgn0028920","-","Insufficient genetic data for FlyBase to solicit a summary.","2L",13843915,13845325,"-","FBgn0028920","GO:0008150, GO:0005575, GO:0003674"
"6174","CG9119","FBgn0035189","FBgn0035189","-","Insufficient genetic data for FlyBase to solicit a summary.","3L",1203316,1204795,"-","FBgn0035189","GO:0005575, GO:0008150, GO:0005634, GO:0016788, GO:0008270"
"6348","CG9733","FBgn0039759","FBgn0039759","-","In progress.","3R",30243978,30246703,"-","FBgn0039759","GO:0004252, GO:0006508, GO:0005615"
"6372","CG9826","FBgn0034784","FBgn0034784","-","Insufficient genetic data for FlyBase to solicit a summary.","2R",22840739,22842977,"+","FBgn0034784","GO:0055085, GO:0005886, GO:0016021"
"6383","CG9886","FBgn0031428","FBgn0031428","-","Insufficient genetic data for FlyBase to solicit a summary.","2L",2420830,2424647,"+","FBgn0031428","GO:0006468, GO:0008887, GO:0005737"
"6497","Claspin","FBgn0052251","FBgn0052251","Claspin","Claspin is a nuclear protein that is involved in the ATR-Chk1 checkpoint pathway. Claspin is required for the cell cycle checkpoint induced at midblastula transition.","3L",4313483,4318608,"+","FBgn0052251","GO:0003674, GO:0005634, GO:0033314"
"6543","Col4a1","FBgn0000299","FBgn0000299","Collagen type IV alpha 1","Collagen type IV alpha 1 is a subunit of Collagen IV and a major component of basement membranes. It is required for muscle and epithelium integrity.","2L",5029609,5037279,"+","FBgn0000299","GO:0005587, GO:0007391, GO:0005581, GO:0005604, GO:0035848, GO:0055013, GO:0060729, GO:0048621, GO:0005201, GO:0005615, GO:0031012, GO:0030198, GO:0071711"
"6596","Cpr49Ab","FBgn0050042","FBgn0050042","Cuticular protein 49Ab","Insufficient genetic data for FlyBase to solicit a summary.","2R",12378440,12379396,"+","FBgn0050042","GO:0042302, GO:0040003, GO:0031012, GO:0008010"
"7455","cry","FBgn0025680","FBgn0025680","cryptochrome","In progress.","3R",19212154,19215442,"+","FBgn0025680","GO:0009882, GO:0007623, GO:0042752, GO:0009785, GO:0050660, GO:0003913, GO:0009588, GO:0008020, GO:0009881, GO:0032991, GO:0005737, GO:0005634, GO:0005641, GO:0005515, GO:0009416, GO:0009649, GO:0042332, GO:0009637, GO:0043153, GO:0045892, GO:0045475, GO:0007602, GO:0050980, GO:0071000, GO:0050958, GO:0071949, GO:0045187, GO:0048512, GO:0032922, GO:0071482"
"7494","Cubn","FBgn0052702","FBgn0052702","Cubilin","Insufficient genetic data for FlyBase to solicit a summary.","X",9558665,9571308,"-","FBgn0052702","GO:0005509, GO:0097017, GO:0097206"
"7542","Cyp309a1","FBgn0031432","FBgn0031432","Cyp309a1","Insufficient genetic data for FlyBase to solicit a summary.","2L",2562483,2564830,"-","FBgn0031432","GO:0005506, GO:0020037, GO:0016705, GO:0055114"
"7547","Cyp313a1","FBgn0038236","FBgn0038236","Cyp313a1","Insufficient genetic data for FlyBase to solicit a summary.","3R",14521049,14523064,"+","FBgn0038236","GO:0005506, GO:0055114, GO:0016705, GO:0020037"
"7561","Cyp4d1","FBgn0005670","FBgn0005670","Cytochrome P450-4d1","Insufficient genetic data for FlyBase to solicit a summary.","X",2159145,2162180,"-","FBgn0005670","GO:0005506, GO:0055114, GO:0016705, GO:0020037"
"7563","Cyp4d21","FBgn0031925","FBgn0031925","Cyp4d21","In progress.","2L",7605600,7607701,"+","FBgn0031925","GO:0004497, GO:0016705, GO:0005506, GO:0055114, GO:0020037, GO:0005737, GO:0007618"
"7608","Cyt-b5-r","FBgn0000406","FBgn0000406","Cytochrome b5-related","Insufficient genetic data for FlyBase to solicit a summary.","2L",16788774,16790721,"-","FBgn0000406","GO:0005739, GO:0016021, GO:0020037, GO:0006629, GO:0016491"
"7630","Damm","FBgn0033659","FBgn0033659","Death associated molecule related to Mch2 caspase","Death associated molecule related to Mch2 caspase (Damm) is one of the seven members of the caspase family of cysteine proteases. Damm overexpression induces cell death.","2R",11864112,11866383,"-","FBgn0033659","GO:0004197, GO:0012501, GO:0006508, GO:0006915, GO:0005737, GO:0097153"
"7656","Dcp-1","FBgn0010501","FBgn0010501","Death caspase-1","Death caspase-1 (Dcp-1) is an effector caspase that cleaves specific proteins during apoptosis. It typically acts downstream of the initiator caspase Dronc. Dcp-1 is also involved in non-apoptotic processes such as autophagy.","2R",23551313,23553547,"+","FBgn0010501","GO:0006915, GO:0004197, GO:0097200, GO:0045476, GO:0097194, GO:0007300, GO:0007275, GO:0005515, GO:0007303, GO:0007015, GO:0006508, GO:1990525, GO:0010623, GO:0071598, GO:1990124, GO:0005829, GO:0048477, GO:0016239, GO:0009267, GO:0010508, GO:0016322, GO:0012501, GO:0043025, GO:1900074, GO:0005739, GO:0097153, GO:0005737"
"7732","Diedel","FBgn0039666","FBgn0039666","Diedel","Diedel is a small extracellular immunomodulatory cytokine, which down-regulates the immune deficiency pathway of host defense. Some insect DNA viruses encode proteins homologous to Diedel.","3R",29493852,29494267,"+","FBgn0039666","GO:0009617, GO:0046426, GO:0005615, GO:0051607, GO:0005125"
"7733","Diedel3","FBgn0085358","FBgn0085358","Diedel 3","Insufficient genetic data for FlyBase to solicit a summary.","X",19050442,19053160,"+","FBgn0085358","GO:0003674, GO:0008150, GO:0005615"
"7848","DptA","FBgn0004240","FBgn0004240","Diptericin A","Diptericin A is an immune inducible antibacterial peptide with activity against Gram-negative bacteria. It is expressed in the fat body during the systemic immune response and in various epithelia. Its expression is regulated at the transcriptional level by the Immune Deficiency pathway.","2R",18865765,18866260,"+","FBgn0004240","GO:0042742, GO:0019731, GO:0050829, GO:0009617, GO:0045089, GO:0055093, GO:0050830, GO:0005615"
"7849","DptB","FBgn0034407","FBgn0034407","Diptericin B","Diptericin B is an immune inducible antibacterial peptide with activity against Gram-negative bacteria. It is expressed in the fat body during the systemic immune response and in various epithelia. Its expression is regulated at the transcriptional level by the Immune Deficiency pathway.","2R",18867391,18867895,"+","FBgn0034407","GO:0005615, GO:0006959, GO:0050830, GO:0055093, GO:0050829, GO:0019731"
"7871","Dro","FBgn0010388","FBgn0010388","Drosocin","Drosocin (Dro) is an o-Glycosylated antibacterial peptide with activity against Gram-negative and Gram-positive bacteria. It is expressed in the fat body during the systemic immune response and is expressed in various epithelia. The expression of Dro is regulated at the transcriptional level mostly by the Immune Deficiency pathway.","2R",14745961,14746714,"+","FBgn0010388","GO:0005576, GO:0050829, GO:0006964, GO:0050830, GO:0019731, GO:0006952, GO:0042742, GO:0009617"
"7878","Drs","FBgn0283461","FBgn0283461","Drosomycin","Drosomycin (Drs) is an antifungal peptide that is expressed in the fat body during the systemic immune response, under the control of the Toll and (to a lesser extent) the Immune Deficiency (Imd) pathways. Drs is also constitutively expressed in certain tissue such as the spermatheca of females and in various epithelia, notably the trachea, where its expression is governed by the Imd pathway.","3L",3369556,3369942,"+","FBgn0283461","GO:0005615, GO:0050832, GO:0019732, GO:0006952, GO:0003674, GO:0019731, GO:0050829, GO:0009617, GO:0042832, GO:0061844"
"7879","Drsl1","FBgn0052274","FBgn0052274","Drosomycin-like 1","Insufficient genetic data for FlyBase to solicit a summary.","3L",3335579,3335788,"-","FBgn0052274","GO:0003674, GO:0005576, GO:0050832"
"7880","Drsl2","FBgn0052279","FBgn0052279","Drosomycin-like 2","Drosomycin-like 2 is a secreted peptide with homology to the antifungal peptide Drs.","3L",3314349,3314681,"+","FBgn0052279","GO:0003674, GO:0005576, GO:0050832, GO:0042832"
"7881","Drsl3","FBgn0052283","FBgn0052283","Drosomycin-like 3","Drosomycin-like 3 is a secreted peptide with homology to the antifungal peptide Drs. It is expressed in the gut under the control of the JAK-STAT pathway.","3L",3314996,3315355,"+","FBgn0052283","GO:0003674, GO:0005576, GO:0050832"
"7942","eater","FBgn0243514","FBgn0243514","eater","Eater is a transmembrane receptor of the Nimrod family specifically expressed in hemocytes and required for the phagocytosis of Gram positive bacteria and the attachment of hemocytes to sessile niches.","3R",27095867,27099679,"-","FBgn0243514","GO:0016021, GO:0042742, GO:0005044, GO:0006910, GO:0006909, GO:0042834, GO:0009986, GO:0006955, GO:0050766, GO:0010811, GO:0050830"
"7958","Ect3","FBgn0260746","FBgn0260746","Ectoderm-expressed 3","Insufficient genetic data for FlyBase to solicit a summary.","3R",11999278,12003516,"+","FBgn0260746","GO:0005975, GO:0005773, GO:0004565"
"7964","edin","FBgn0052185","FBgn0052185","elevated during infection","In progress.","3L",17494880,17495300,"+","FBgn0052185","GO:0003674, GO:0006959, GO:0005615, GO:0050830, GO:0050829, GO:0005576"
"7987","Eglp4","FBgn0034885","FBgn0034885","Entomoglyceroporin 4","Insufficient genetic data for FlyBase to solicit a summary.","2R",23607592,23614710,"-","FBgn0034885","GO:0016021, GO:0055085, GO:0003014, GO:0015267, GO:0005886, GO:0015250"
"8118","Ets21C","FBgn0005660","FBgn0005660","Ets at 21C","Ets at 21C (Ets21C) encodes a stress-inducible transcription factor that binds specifically to purine-rich DNA motifs. Ets21C cooperates with transcription factors acting downstream of the MAP kinase pathways to fine tune gene expression in response to stress, such as infection or oncogene activation.","2L",544925,552923,"-","FBgn0005660","GO:0043565, GO:0042742, GO:0006357, GO:0030154, GO:0000981, GO:0005634"
"8128","exex","FBgn0041156","FBgn0041156","extra-extra","Extra-extra (Exex) is a homeodomain transcription factor that is expressed in and regulates the differentiation of motor neurons that project axons to ventral body wall muscles. Within the central nervous system, Exex negatively interacts with Lim3 and eve to govern neuronal specification and differentiation. Exex roles include neuronal specification and differentiation.","3L",7948186,7951563,"+","FBgn0041156","GO:0007417, GO:0007412, GO:0007399, GO:0043565, GO:0006355, GO:0061101, GO:0048812, GO:0005634, GO:0021520"
"8143","Fad2","FBgn0029172","FBgn0029172","Fad2","Fad2 is a transmembrane fatty acid desaturase that utilizes mono-unsaturated long-chain fatty acids (LCFAs) to synthesize di-unsaturated LCFAs. It is involved in the synthesis of the female pheromones.","3L",11023535,11024846,"+","FBgn0029172","GO:0055114, GO:0000281, GO:0007619, GO:0042810, GO:0004768, GO:0005789, GO:0006636, GO:0005506"
"8160","FASN1","FBgn0283427","FBgn0283427","Fatty acid synthase 1","In progress.","2L",3056598,3068177,"+","FBgn0283427","GO:0004312, GO:0031177, GO:0016491, GO:0016788, GO:0009744, GO:0071329, GO:0019432, GO:0005977"
"8163","fat-spondin","FBgn0026721","FBgn0026721","fat-spondin","In progress.","2R",17054002,17059299,"+","FBgn0026721","GO:0004867, GO:0005576, GO:0007155, GO:0031012"
"8168","fbp","FBgn0032820","FBgn0032820","fructose-1,6-bisphosphatase","In progress.","2L",19761587,19764136,"-","FBgn0032820","GO:0042132, GO:0005829, GO:0005986, GO:0006094, GO:0006002, GO:0005737, GO:0006000, GO:0030388"
"8212","fit","FBgn0038914","FBgn0038914","female-specific independent of transformer","Insufficient genetic data for FlyBase to solicit a summary.","3R",21883924,21884454,"-","FBgn0038914","GO:0008150, GO:0005575, GO:0003674"
"8312","Gadd45","FBgn0033153","FBgn0033153","Growth arrest and DNA damage-inducible 45","Insufficient genetic data for FlyBase to solicit a summary.","2R",7249161,7250655,"+","FBgn0033153","GO:0007254, GO:0005634, GO:0046662, GO:0051726, GO:0005737, GO:0000185"
"8314","Gal","FBgn0001089","FBgn0001089","beta galactosidase","beta galactosidase is a putative digestive enzyme that hydrolyses beta-galactosides into monosaccharides. The gene is highly expressed and enriched in the midgut, an organ involved in digestion.","2L",6003574,6006827,"-","FBgn0001089","GO:0004565, GO:0006012, GO:0042803, GO:0005773"
"8350","Gba1a","FBgn0051148","FBgn0051148","Glucocerebrosidase 1a","Insufficient genetic data for FlyBase to solicit a summary.","3R",23700621,23702605,"+","FBgn0051148","GO:0004348, GO:0034620, GO:0008340, GO:0007613, GO:0008344, GO:0070050, GO:0006680, GO:0016787"
"8424","glob1","FBgn0027657","FBgn0027657","globin 1","Insufficient genetic data for FlyBase to solicit a summary.","3R",15896926,15904521,"-","FBgn0027657","GO:0005737, GO:0020037, GO:0019825, GO:0005506, GO:0015671, GO:0004601, GO:0005886"
"8523","GstD2","FBgn0010038","FBgn0010038","Glutathione S transferase D2","In progress.","3R",12371971,12372704,"+","FBgn0010038","GO:0004364, GO:0004602, GO:0005737, GO:0006749"
"8525","GstD4","FBgn0010040","FBgn0010040","Glutathione S transferase D4","Insufficient genetic data for FlyBase to solicit a summary.","3R",12374100,12374824,"+","FBgn0010040","GO:0005737, GO:0004364, GO:0006749"
"8526","GstD5","FBgn0010041","FBgn0010041","Glutathione S transferase D5","Insufficient genetic data for FlyBase to solicit a summary.","3R",12375733,12376572,"+","FBgn0010041","GO:0005737, GO:0004364, GO:0006749"
"8529","GstD8","FBgn0010044","FBgn0010044","Glutathione S transferase D8","Glutathione S transferase D8 (GstD8) encodes an enzyme with broad substrate specificity involved in glutathione metabolism.","3R",12380008,12380815,"+","FBgn0010044","GO:0004602, GO:0005737, GO:0004364, GO:0006749"
"8542","GstE7","FBgn0063493","FBgn0063493","Glutathione S transferase E7","In progress.","2R",18406924,18407688,"+","FBgn0063493","GO:0005737, GO:0004364, GO:0006749"
"8543","GstE8","FBgn0063492","FBgn0063492","Glutathione S transferase E8","Insufficient genetic data for FlyBase to solicit a summary.","2R",18407834,18408955,"+","FBgn0063492","GO:0005737, GO:0004364, GO:0006749"
"8544","GstE9","FBgn0063491","FBgn0063491","Glutathione S transferase E9","Insufficient genetic data for FlyBase to solicit a summary.","2R",18409048,18409835,"+","FBgn0063491","GO:0005737, GO:0006749, GO:0004364"
"8554","GstZ2","FBgn0037697","FBgn0037697","Glutathione S transferase Z2","Insufficient genetic data for FlyBase to solicit a summary.","3R",9456815,9460652,"-","FBgn0037697","GO:0005737, GO:0016034, GO:0006749, GO:0004364, GO:0006559, GO:0005739"
"8585","Hayan","FBgn0030925","FBgn0030925","Hayan","Hayan is a hemolymphatic serine protease involved in the activation of the melanization cascade. It is thought to directly cleave the prophenoloxidases PPO1 and/or PPO2.","X",18479983,18483772,"-","FBgn0030925","GO:0004252, GO:0006508, GO:0035007"
"8655","Hml","FBgn0029167","FBgn0029167","Hemolectin","Hemolectin is a large multidomain protein produced by hemocytes and involved in the clotting reaction.","3L",13846054,13860001,"+","FBgn0029167","GO:0042803, GO:0007599, GO:0005576, GO:0042060, GO:0035006, GO:0006030, GO:0008061, GO:0042381"
"8680","HP1D3csd","FBgn0030994","FBgn0030994","Heterochromatin Protein 1D3 chromoshadow domain","Insufficient genetic data for FlyBase to solicit a summary.","X",19190214,19191029,"+","FBgn0030994","GO:0000785, GO:0051276, GO:0003682"
"8696","Hr38","FBgn0014859","FBgn0014859","Hormone receptor-like in 38","Hormone receptor-like in 38 can heterodimerize with the USP nuclear receptor. It is required for the proper development of the adult cuticle and for the proper uptake and storage of glycogen in larvae.","2L",20683462,20714588,"-","FBgn0014859","GO:0000977, GO:0004879, GO:0008270, GO:0003700, GO:0003707, GO:0045944, GO:0005634, GO:0042335, GO:0048082, GO:0071376, GO:0043565, GO:0000978, GO:0005667, GO:0035259"
"8732","Hsp70Aa","FBgn0013275","FBgn0013275","Heat-shock-protein-70Aa","In progress.","3R",11954163,11956544,"-","FBgn0013275","GO:0009408, GO:0035080, GO:0001666, GO:0034605, GO:0005737, GO:0034620, GO:0042623, GO:0031072, GO:0006986, GO:0042026, GO:0005829, GO:0016887, GO:0051787, GO:0051085, GO:0005524, GO:0051082, GO:0044183"
"8733","Hsp70Ab","FBgn0013276","FBgn0013276","Heat-shock-protein-70Ab","In progress.","3R",11958535,11960909,"+","FBgn0013276","GO:0009408, GO:0006986, GO:0035080, GO:0001666, GO:0051085, GO:0034605, GO:0031072, GO:0005737, GO:0034620, GO:0051787, GO:0042026, GO:0051082, GO:0042623, GO:0005524, GO:0016887, GO:0005829, GO:0044183"
"8734","Hsp70Ba","FBgn0013277","FBgn0013277","Heat-shock-protein-70Ba","In progress.","3R",12465453,12467776,"-","FBgn0013277","GO:0006986, GO:0009408, GO:0035080, GO:0001666, GO:0034605, GO:0005737, GO:0051082, GO:0042026, GO:0051787, GO:0031072, GO:0005829, GO:0044183, GO:0005524, GO:0016887, GO:0042623, GO:0051085, GO:0034620"
"8735","Hsp70Bb","FBgn0013278","FBgn0013278","Heat-shock-protein-70Bb","In progress.","3R",12505793,12508139,"+","FBgn0013278","GO:0006986, GO:0009408, GO:0035080, GO:0001666, GO:0031072, GO:0051082, GO:0034605, GO:0042623, GO:0051085, GO:0016887, GO:0005829, GO:0051787, GO:0042026, GO:0005737, GO:0034620, GO:0005524, GO:0044183"
"8736","Hsp70Bbb","FBgn0051354","FBgn0051354","Hsp70Bbb","In progress.","3R",12502510,12504856,"+","FBgn0051354","GO:0035080, GO:0009408, GO:0001666, GO:0042623, GO:0005524, GO:0016887, GO:0006986, GO:0051787, GO:0034605, GO:0051082, GO:0042026, GO:0031072, GO:0051085, GO:0005829, GO:0005737, GO:0034620, GO:0044183"
"8737","Hsp70Bc","FBgn0013279","FBgn0013279","Heat-shock-protein-70Bc","Insufficient genetic data for FlyBase to solicit a summary.","3R",12509076,12511461,"+","FBgn0013279","GO:0006986, GO:0009408, GO:0035080, GO:0001666, GO:0009636, GO:0044183, GO:0005737, GO:0005524, GO:0005829, GO:0051085, GO:0051787, GO:0034605, GO:0051082, GO:0042026, GO:0034620, GO:0042623, GO:0031072, GO:0016887"
"8779","Ids","FBgn0035445","FBgn0035445","Iduronate 2-sulfatase","Insufficient genetic data for FlyBase to solicit a summary.","3L",3378268,3380083,"+","FBgn0035445","GO:0008484, GO:0004423"
"8797","IM1","FBgn0034329","FBgn0034329","Immune induced molecule 1","Immune induced molecule 1 belongs to a class of small secreted  peptides released in the hemolymph upon Toll pathway activation during microbial infection.","2R",18383949,18384378,"+","FBgn0034329","GO:0005576, GO:0006952, GO:0009617"
"8798","IM14","FBgn0067905","FBgn0067905","Immune induced molecule 14","Insufficient genetic data for FlyBase to solicit a summary.","2R",20870392,20870678,"+","FBgn0067905","GO:0005576, GO:0006952, GO:0003674, GO:0009617"
"8799","IM2","FBgn0025583","FBgn0025583","Immune induced molecule 2","Insufficient genetic data for FlyBase to solicit a summary.","2R",18386602,18387030,"+","FBgn0025583","GO:0005576, GO:0006952, GO:0009617"
"8800","IM23","FBgn0034328","FBgn0034328","Immune induced molecule 23","Insufficient genetic data for FlyBase to solicit a summary.","2R",18382704,18383235,"-","FBgn0034328","GO:0005576, GO:0019731, GO:0003674, GO:0009617, GO:0050830"
"8801","IM3","FBgn0040736","FBgn0040736","Immune induced molecule 3","Insufficient genetic data for FlyBase to solicit a summary.","2R",18387895,18388734,"+","FBgn0040736","GO:0019731, GO:0005576, GO:0003674, GO:0009617"
"8803","IM4","FBgn0040653","FBgn0040653","Immune induced molecule 4","In progress.","2R",20868496,20869321,"-","FBgn0040653","GO:0006952, GO:0005576, GO:0009617, GO:0005615, GO:0006959, GO:0000902"
"8812","IMPPP","FBgn0283462","FBgn0283462","Immune induced molecule prepropeptide","Insufficient genetic data for FlyBase to solicit a summary.","2R",13407011,13408358,"+","FBgn0283462","GO:0006952, GO:0019731, GO:0008063, GO:0005576, GO:0003674, GO:0009617, GO:0005615, GO:0006959"
"8843","Invadolysin","FBgn0086359","FBgn0086359","Invadolysin","Invadolysin (Invadolysin) encodes a metalloprotease that is required for mitosis, cell migration and mitochondrial function.","3R",10144668,10159134,"+","FBgn0086359","GO:0004222, GO:0006508, GO:0016020, GO:0007155, GO:0007444, GO:0007076, GO:0006338, GO:0008406, GO:0031252, GO:0051298, GO:0007100, GO:0008354, GO:0045842, GO:0005737, GO:0008233, GO:0007420, GO:0007052, GO:0019915, GO:1902769, GO:0022900"
"8849","iotaTry","FBgn0015001","FBgn0015001","iotaTrypsin","In progress.","2R",11356720,11357537,"+","FBgn0015001","GO:0006508, GO:0004252, GO:0005737"
"8903","jhamt","FBgn0028841","FBgn0028841","juvenile hormone acid methyltransferase","Juvenile hormone acid methyltransferase (Jhamt) catalyzes (2E, 6E)farnesoate/ Juvenile hormone (JH) acid methylation to produce JH bisepoxide in the corpora allata. Loss of Jhamt produces a delayed wandering larval stage and decreased female fecundity.","2L",16365903,16367039,"+","FBgn0028841","GO:0035049, GO:0006718, GO:0019010, GO:0008049"
"8905","Jhe","FBgn0010052","FBgn0010052","Juvenile hormone esterase","In progress.","2R",16119793,16122773,"+","FBgn0010052","GO:0004453, GO:0006719, GO:0005515, GO:0005739, GO:0048149, GO:0060179, GO:0052689, GO:0005615"
"8918","Jon25Bi","FBgn0020906","FBgn0020906","Jonah 25Bi","Insufficient genetic data for FlyBase to solicit a summary.","2L",4954279,4955144,"-","FBgn0020906","GO:0004175, GO:0006508, GO:0004252"
"8919","Jon25Bii","FBgn0031654","FBgn0031654","Jonah 25Bii","Insufficient genetic data for FlyBase to solicit a summary.","2L",4952243,4953136,"-","FBgn0031654","GO:0004252, GO:0006508"
"8926","Jon66Ci","FBgn0035886","FBgn0035886","Jonah 66Ci","Insufficient genetic data for FlyBase to solicit a summary.","3L",8391540,8392377,"+","FBgn0035886","GO:0004175, GO:0006508, GO:0004252"
"8929","Jon99Ci","FBgn0003358","FBgn0003358","Jonah 99Ci","Insufficient genetic data for FlyBase to solicit a summary.","3R",29925226,29926189,"-","FBgn0003358","GO:0006508, GO:0004175, GO:0004252"
"8951","kappaTry","FBgn0043471","FBgn0043471","kappaTry","Insufficient genetic data for FlyBase to solicit a summary.","2R",11337797,11338733,"-","FBgn0043471","GO:0004252, GO:0006508, GO:0005737"
"9118","lambdaTry","FBgn0043470","FBgn0043470","lambdaTry","Insufficient genetic data for FlyBase to solicit a summary.","2R",11336840,11337791,"+","FBgn0043470","GO:0004252, GO:0006508, GO:0005737"
"9200","LManI","FBgn0032253","FBgn0032253","Lysosomal alpha-mannosidase I","In progress.","2L",10452677,10457241,"-","FBgn0032253","GO:0030246, GO:0004571, GO:0005774, GO:0006013, GO:0006517, GO:0004559"
"9202","LManIII","FBgn0032066","FBgn0032066","Lysosomal alpha-mannosidase III","Insufficient genetic data for FlyBase to solicit a summary.","2L",8765273,8768710,"-","FBgn0032066","GO:0030246, GO:0005774, GO:0004559, GO:0006517, GO:0006013"
"9203","LManIV","FBgn0032067","FBgn0032067","Lysosomal alpha-mannosidase IV","Insufficient genetic data for FlyBase to solicit a summary.","2L",8769159,8772344,"-","FBgn0032067","GO:0030246, GO:0006517, GO:0005774, GO:0006013, GO:0004559"
"9204","LManV","FBgn0032068","FBgn0032068","Lysosomal alpha-mannosidase V","Insufficient genetic data for FlyBase to solicit a summary.","2L",8772946,8776263,"-","FBgn0032068","GO:0030246, GO:0006013, GO:0005774, GO:0004559, GO:0006517"
"9205","LManVI","FBgn0032069","FBgn0032069","Lysosomal alpha-mannosidase VI","Insufficient genetic data for FlyBase to solicit a summary.","2L",8777661,8781252,"-","FBgn0032069","GO:0030246, GO:0004559, GO:0006517, GO:0005774, GO:0006013"
"9230","LpR2","FBgn0051092","FBgn0051092","Lipophorin receptor 2","Lipophorin receptor 2 (Lpr2) is a transmembrane receptor. A subset of Lpr2 isoforms are involved in the cellular uptake of neutral lipids from circulating apolpp.","3R",25698727,25740465,"-","FBgn0051092","GO:0005509, GO:0005886, GO:0071813, GO:0032370"
"9247","Lsm11","FBgn0033450","FBgn0033450","Lsm11","Lsm11 (Lsm11) encodes one of the seven proteins that form a heptameric Sm ring in the U7 snRNP, which is a key factor involved in 3' end processing of histone pre-mRNAs. It interacts with the product of FLASH. The two interacting proteins form a biochemical platform that recruits a number of polyadenylation subunits to the U7 snRNP, including the products of Sym, Cpsf100, Cpsf73 and CstF64.","2R",9838434,9839500,"-","FBgn0033450","GO:0005634, GO:0000381, GO:0035363, GO:0071254, GO:0016604, GO:0006398, GO:0005515, GO:0071204, GO:0071209, GO:0005683"
"9255","Lsp2","FBgn0002565","FBgn0002565","Larval serum protein 2","In progress.","3L",12129393,12131869,"+","FBgn0002565","GO:0005616, GO:0016201, GO:0008045"
"9298","Mal-A1","FBgn0002570","FBgn0002570","Maltase A1","Insufficient genetic data for FlyBase to solicit a summary.","2R",8449664,8451904,"-","FBgn0002570","GO:0005975, GO:0032450"
"9299","Mal-A2","FBgn0002569","FBgn0002569","Maltase A2","Insufficient genetic data for FlyBase to solicit a summary.","2R",8453627,8455782,"+","FBgn0002569","GO:0005975, GO:0032450"
"9300","Mal-A3","FBgn0002571","FBgn0002571","Maltase A3","Insufficient genetic data for FlyBase to solicit a summary.","2R",8455909,8457892,"-","FBgn0002571","GO:0005975, GO:0032450"
"9301","Mal-A4","FBgn0033294","FBgn0033294","Maltase A4","Insufficient genetic data for FlyBase to solicit a summary.","2R",8458815,8460884,"+","FBgn0033294","GO:0005975, GO:0032450"
"9303","Mal-A6","FBgn0050360","FBgn0050360","Maltase A6","Insufficient genetic data for FlyBase to solicit a summary.","2R",8465158,8467595,"+","FBgn0050360","GO:0005975, GO:0032450"
"9304","Mal-A7","FBgn0033296","FBgn0033296","Maltase A7","Insufficient genetic data for FlyBase to solicit a summary.","2R",8468646,8471663,"-","FBgn0033296","GO:0005975, GO:0032450"
"9305","Mal-A8","FBgn0033297","FBgn0033297","Maltase A8","Insufficient genetic data for FlyBase to solicit a summary.","2R",8471954,8473961,"+","FBgn0033297","GO:0005975, GO:0032450"
"9306","Mal-B1","FBgn0032381","FBgn0032381","Maltase B1","Insufficient genetic data for FlyBase to solicit a summary.","2L",11847226,11849169,"+","FBgn0032381","GO:0005975, GO:0032450"
"9400","Men","FBgn0002719","FBgn0002719","Malic enzyme","Malic Enzyme (Men) is a dehydrogenase that catalyzes the oxidation of malate to pyruvate, with the concomitant reduction of NADP(+) to NADPH. Men functions, along with Idh, Zw, and Pgd, in a small network of NADP reducing enzymes.","3R",12713103,12722442,"-","FBgn0002719","GO:0055114, GO:0004473, GO:0006108, GO:0005829, GO:0004471, GO:0051287, GO:0030431, GO:0010941, GO:0008340, GO:0005739, GO:0004470, GO:0006090"
"9431","MFS12","FBgn0033234","FBgn0033234","Major Facilitator Superfamily Transporter 12","In progress.","2R",7926653,7929922,"+","FBgn0033234","GO:0055085, GO:0016021, GO:0005886"
"9467","mino","FBgn0027579","FBgn0027579","minotaur","Minotaur (Mino) is a member of the conserved glycerol-3-phosphate O-acyltransferase (GPAT) family, which converts glycerol-3-phosphate into lysophosphatidic acid. Mino functions in phosphatidic acid biosynthesis. It is also essential for piRNA biogenesis in gonads, with Mino mutants showing transposon de-repression and sterility phenotypes.","3R",27925191,27933077,"+","FBgn0027579","GO:0004366, GO:0008654, GO:0005741, GO:0007009, GO:0005886, GO:0035324, GO:0045169, GO:0005783, GO:0005739, GO:0034587, GO:0019432, GO:0006072, GO:0006631, GO:0031966"
"9475","Mipp1","FBgn0026061","FBgn0026061","Multiple inositol polyphosphate phosphatase 1","Multiple inositol polyphosphate phosphatase 1 (Mipp1) encodes a highly conserved extracellular enzyme that removes phosphates from inositol polyphosphates (IP6, IP5 and IP4) to form IP3. The Mipp1 product functions extracellularly to promote filopodia formation. Its enzymatic activity and localization are both key during tracheal cell migration.","3L",16563448,16573334,"-","FBgn0026061","GO:0016311, GO:0070062, GO:0034417, GO:0005886, GO:0052745, GO:0051491, GO:0031362, GO:0030175, GO:0007424, GO:0003993"
"9712","Mtk","FBgn0014865","FBgn0014865","Metchnikowin","Metchnikowin is an antifungal peptide that is secreted from the fat body during the systemic immune response, and is produced by various epithelia. Its expression is regulated at the transcriptional level by the Immune Deficiency and/or Toll pathways.","2R",15408846,15409113,"+","FBgn0014865","GO:0050832, GO:0019731, GO:0050830, GO:0019732, GO:0006952, GO:0005576, GO:0009617, GO:0050829"
"9719","MtnE","FBgn0262146","FBgn0262146","Metallothionein E","Metallothionein B (MtnE) is one of the five metallothioneins. They are metal-binding polypeptides that coordinate both physiological and xenobiotic metal ions, either for homeostasis or detoxification purposes. MtnE shows the least specificity towards binding metal ions.","3R",20534021,20534704,"-","FBgn0262146","GO:0005575, GO:0046689, GO:0071585, GO:0046688, GO:0010272, GO:0010043, GO:0046872"
"9777","Myo61F","FBgn0010246","FBgn0010246","Myosin 61F","In progress.","3L",1318480,1329617,"+","FBgn0010246","GO:0042623, GO:0016459, GO:0007498, GO:0003774, GO:0005524, GO:0007368, GO:0032528, GO:0005903, GO:0042742, GO:0048803, GO:0005938, GO:0005546"
"9922","NimB3","FBgn0054003","FBgn0054003","Nimrod B3","Insufficient genetic data for FlyBase to solicit a summary.","2L",13967464,13967985,"-","FBgn0054003","GO:0003674, GO:0042742, GO:0005576"
"9925","NimC1","FBgn0259896","FBgn0259896","Nimrod C1","In progress.","2L",13973158,13976769,"-","FBgn0259896","GO:0003674, GO:0005886, GO:0016021, GO:0006909, GO:0042742"
"9929","ninaD","FBgn0002939","FBgn0002939","neither inactivation nor afterpotential D","In progress.","2L",18081628,18083608,"+","FBgn0002939","GO:0016063, GO:0007604, GO:0007603, GO:0007602, GO:0046867, GO:0005044, GO:0016020"
"9954","Nmdmc","FBgn0010222","FBgn0010222","NAD-dependent methylenetetrahydrofolate dehydrogenase","In progress.","3R",9042508,9050555,"-","FBgn0010222","GO:0000287, GO:0046653, GO:0004477, GO:0004488, GO:0042301, GO:0004487, GO:0005739, GO:0005975, GO:0009256, GO:0055114, GO:0035999"
"10001","Npc1b","FBgn0261675","FBgn0261675","Niemann-Pick type C-1b","In progress.","X",20934869,20939503,"+","FBgn0261675","GO:0007422, GO:0007417, GO:0007391, GO:0016021, GO:0030299"
"10049","NtR","FBgn0029147","FBgn0029147","NtR","Insufficient genetic data for FlyBase to solicit a summary.","2R",22127808,22130184,"+","FBgn0029147","GO:0004888, GO:0007165, GO:0005887, GO:0042391, GO:0034220, GO:0050877, GO:0005230, GO:0007268, GO:0045202, GO:0043005"
"10107","Obp49a","FBgn0050052","FBgn0050052","Odorant-binding protein 49a","In progress.","2R",12690059,12690955,"-","FBgn0050052","GO:0005549, GO:0007606, GO:0005576"
"10176","Orc1","FBgn0022772","FBgn0286788","Origin recognition complex subunit 1","Origin recognition complex subunit 1 (Orc1) is the largest subunit of the Origin Recognition Complex (ORC), which is essential for the initiation of DNA replication in eukaryotic cells. The ATPase activity of Orc1 is critical for the formation and function of the pre-replicative complex. The regulated degradation of Orc1 by ubiquitin-mediated proteolysis after initiation of DNA replication helps to prevent re-replication.","2R",7522437,7525716,"-","FBgn0022772","GO:0007304, GO:0006270, GO:0005664, GO:0005524, GO:0003682, GO:0007307, GO:0008283, GO:0042023, GO:0006277, GO:0003688, GO:0033314, GO:0000784, GO:0000278"
"10331","per","FBgn0003068","FBgn0003068","period","In progress.","X",2685580,2692780,"+","FBgn0003068","GO:0048512, GO:0000122, GO:0046982, GO:0008134, GO:2000678, GO:0045433, GO:0007623, GO:0008062, GO:0045475, GO:0005515, GO:0007617, GO:0048148, GO:0007619, GO:0003712, GO:0045187, GO:0005737, GO:0005634, GO:0042745, GO:0007622, GO:0003714, GO:0009266, GO:0009416, GO:0007620, GO:0007616, GO:0009649, GO:0043153, GO:0045892, GO:0042752, GO:0006979, GO:0042803, GO:0008340, GO:0001306, GO:0060086, GO:0001932, GO:1904059, GO:0044297, GO:0032922, GO:0000976, GO:0001222"
"10381","PGRP-SB1","FBgn0043578","FBgn0043578","Peptidoglycan recognition protein SB1","PGRP-SB1 is a secreted Peptidoglycan Recognition Protein (PGRP) with an amidase activity against DAP-type peptidoglycan, a cell wall component found on Gram-negative bacteria and certain Gram positive bacteria. It is strongly induced upon bacterial infection by the Immune Deficiency pathway, suggesting a role as an immune effector.","3L",16727299,16727989,"-","FBgn0043578","GO:0005576, GO:0042834, GO:0009253, GO:0006955, GO:0045087, GO:0008745, GO:0008270, GO:0032827, GO:0005615, GO:0050830, GO:0019730, GO:0016019"
"10385","PGRP-SD","FBgn0035806","FBgn0035806","Peptidoglycan recognition protein SD","Peptidoglycan recognition protein SD (PGRP-SD) encodes a secreted member of the peptidoglycan recognition protein of from Gram negative bacteria. PGRP-SD is a positive regulator of the Imd pathway by promoting the recognition of peptidoglycan.","3L",7651180,7651900,"+","FBgn0035806","GO:0045087, GO:0005576, GO:0042834, GO:0009253, GO:0008745, GO:0008270, GO:0050830, GO:0061059, GO:0032499, GO:0005615, GO:0050829, GO:0016019, GO:0032827, GO:0019730"
"10676","Ptp52F","FBgn0034085","FBgn0034085","Protein tyrosine phosphatase 52F","Protein tyrosine phosphatase 52F (Ptp52F) is a transmembrane receptor tyrosine phosphatase (RPTP). It genetically interacts with the other RPTP genes and its mutants have motor axon defects. Ptp52F regulates Tartan signaling in embryonic SNa motor neurons.","2R",16171112,16178307,"-","FBgn0034085","GO:0006470, GO:0004725, GO:0007411, GO:0007399, GO:0008045, GO:0005886, GO:0035335, GO:0035096, GO:0035075, GO:0005001, GO:0005887"
"10856","Rel","FBgn0014018","FBgn0014018","Relish","Relish is a transcription factor and the downstream component of the Immune Deficiency pathway, which regulates the antibacterial response and other less characterized cellular processes.","3R",9044183,9047977,"-","FBgn0014018","GO:0045944, GO:0006963, GO:0006955, GO:0006967, GO:0061057, GO:0005515, GO:0005737, GO:0005634, GO:0005829, GO:0006964, GO:0050829, GO:0001228, GO:0045089, GO:0034198, GO:0043565, GO:0045429, GO:0010628, GO:0000981, GO:0003677, GO:0002230, GO:0051607, GO:0048935, GO:0006974, GO:0009617, GO:2000647, GO:0048813, GO:0005719, GO:0045088, GO:0050766, GO:0042742, GO:1901224, GO:0061059"
"10887","Rh5","FBgn0014019","FBgn0014019","Rhodopsin 5","Rhodopsin 5 (Rh5) is a visual  GPCR opsin that covalently binds the chromophore retinal. A photon of light stimulates the isomerization of retinal resulting in a conformational change in Rh5 and signal activation. Rh5 peak sensitivity is in the blue and it is expressed in a subclass of R8 photoreceptors.","2L",12008153,12009832,"+","FBgn0014019","GO:0008020, GO:0007602, GO:0016028, GO:0016021, GO:0009588, GO:0007186, GO:0016038, GO:0007601, GO:0009416, GO:0043153, GO:0007605, GO:0043052, GO:0005887, GO:0071482"
"10889","Rh6","FBgn0019940","FBgn0019940","Rhodopsin 6","Rhodopsin 6 (Rh6) is a visual GPCR opsin that covalently binds the chromophore retinal. A photon of light stimulates the isomerization of retinal resulting in a conformational change in Rh6 and signal activation. Rh6 peak sensitivity is in the green and it is expressed in a subclass of R8 photoreceptors.","3R",15483158,15484699,"+","FBgn0019940","GO:0008020, GO:0007602, GO:0016028, GO:0016021, GO:0007186, GO:0007601, GO:0000122, GO:0043153, GO:0007605, GO:0043052, GO:0005887, GO:0071482"
"10962","RnrS","FBgn0011704","FBgn0011704","Ribonucleoside diphosphate reductase small subunit","Insufficient genetic data for FlyBase to solicit a summary.","2R",11983145,11985393,"-","FBgn0011704","GO:0055114, GO:0006919, GO:0004748, GO:0005829, GO:0009263"
"11187","salt","FBgn0039872","FBgn0039872","salty dog","In progress.","3R",31751825,31754705,"-","FBgn0039872","GO:0022857, GO:0055085, GO:0016323"
"11202","Sardh","FBgn0034276","FBgn0034276","Sarcosine dehydrogenase","Insufficient genetic data for FlyBase to solicit a summary.","2R",17753555,17756422,"-","FBgn0034276","GO:0055114, GO:1901053, GO:0033353, GO:0005759, GO:0008480, GO:0016491, GO:0005737, GO:0005739"
"11243","Scp1","FBgn0020908","FBgn0020908","Sarcoplasmic calcium-binding protein 1","Insufficient genetic data for FlyBase to solicit a summary.","2R",2932595,2968052,"-","FBgn0020908","GO:0005509"
"11320","Ser8","FBgn0019928","FBgn0019928","Ser8","Insufficient genetic data for FlyBase to solicit a summary.","2R",13434207,13435045,"+","FBgn0019928","GO:0008236, GO:0006508, GO:0004252, GO:0005737"
"11409","Sid","FBgn0039593","FBgn0039593","Stress induced DNase","Stress induced DNase (Sid) belongs to an evolutionarily conserved enzyme family that degrades both single and double stranded nucleic acids. Sid expression is highly induced by bacterial infection and oxidative stress. Its apparent role is to protect from the toxic effects of excess DNA/RNA released by a vigorous immune response.","3R",28670704,28672021,"+","FBgn0039593","GO:0003676, GO:0046872, GO:0004540, GO:0009617, GO:0090305, GO:0004536, GO:1901562, GO:0006979, GO:0005737, GO:0016020, GO:0004521, GO:0004519, GO:0005739, GO:0000737, GO:0005743, GO:0004529, GO:0006309, GO:0000014"
"11512","smp-30","FBgn0038257","FBgn0038257","Senescence marker protein-30","Senescence marker protein-30 (Smp-30) is a calcium binding protein involved in calcium homeostasis regulation. It negatively influences cell proliferation and tissue size, possibly through the insulin pathway. Smp-30 contributes to body size variation, diapause and thermal stress resistance.","3R",14745901,14751246,"-","FBgn0038257","GO:0009631, GO:0005829, GO:0005509, GO:0090256, GO:0044720, GO:0004341, GO:0019853"
"11518","Smvt","FBgn0039873","FBgn0039873","Sodium-dependent multivitamin transporter","Sodium-dependent multivitamin transporter is a transmembrane protein responsible for translocation of vitamins, and other essential cofactors such as biotin, pantothenate and lipoate, in the presence of sodium.","3R",31759404,31761579,"-","FBgn0039873","GO:0016020, GO:0022857, GO:0055085"
"11589","Sodh-1","FBgn0024289","FBgn0024289","Sorbitol dehydrogenase 1","Insufficient genetic data for FlyBase to solicit a summary.","3R",7052335,7054541,"+","FBgn0024289","GO:0008270, GO:0055114, GO:0003939"
"11624","Spat","FBgn0014031","FBgn0014031","Serine pyruvate aminotransferase","Insufficient genetic data for FlyBase to solicit a summary.","X",6528948,6530726,"+","FBgn0014031","GO:0009436, GO:0008453, GO:0005777, GO:0019265, GO:0004760"
"11636","SPH93","FBgn0032638","FBgn0032638","Serine protease homolog 93","Insufficient genetic data for FlyBase to solicit a summary.","2L",17454263,17455923,"-","FBgn0032638","GO:0004252, GO:0050830, GO:0006508, GO:0005615"
"11660","Spn28Dc","FBgn0031973","FBgn0031973","Serpin 28Dc","Serpin 28Dc is a hemolymphatic Serpin that negatively regulates an uncharacterized serine protease in the melanization cascade.","2L",8004548,8007210,"-","FBgn0031973","GO:0045861, GO:0035009, GO:0005615, GO:0009611, GO:0004867, GO:0010951"
"11680","Spn88Eb","FBgn0038299","FBgn0038299","Serpin 88Eb","In progress.","3R",15206703,15208762,"-","FBgn0038299","GO:0009620, GO:0045861, GO:0005615, GO:2000035, GO:1990399, GO:0004867, GO:0010951"
"11709","sr","FBgn0003499","FBgn0003499","stripe","Stripe (Sr) is a transcription factor that induces the fate of tendon cells in the embryo as well as in the adult fly. It works upstream of tendon specific genes including Tsp, slow and Lrt.","3R",18090803,18135583,"+","FBgn0003499","GO:0007517, GO:0007417, GO:0016204, GO:0042440, GO:0007427, GO:0003676, GO:0007390, GO:0007398, GO:0007525, GO:0000981, GO:0006357, GO:0005634"
"11980","Tep2","FBgn0041182","FBgn0041182","Thioester-containing protein 2","In progress.","2L",7693727,7701601,"-","FBgn0041182","GO:0004866, GO:0050829, GO:0045087, GO:0005615"
"12028","tim","FBgn0014396","FBgn0014396","timeless","Timeless (Tim) is a key component of the Tim-per complex, required for the production of circadian rhythms. It is involved in mating behavior, DNA replication and larval phototaxis.","2L",3493986,3508119,"-","FBgn0014396","GO:0071482, GO:0005737, GO:0005515, GO:0032991, GO:2000678, GO:0046982, GO:0000122, GO:0008134, GO:0048512, GO:0007617, GO:0045475, GO:0030431, GO:0007623, GO:0008062, GO:0045187, GO:0006606, GO:0005634, GO:0007622, GO:0007620, GO:0042306, GO:0009649, GO:0042749, GO:0009648, GO:0046957, GO:0050764, GO:0050766, GO:0060086, GO:0003053, GO:0005829, GO:0031298, GO:0043111, GO:0003677, GO:0048478, GO:0000076, GO:0000790, GO:0006281"
"12073","to","FBgn0039298","FBgn0039298","takeout","In progress.","3R",25240180,25241668,"+","FBgn0039298","GO:0005576, GO:0042595, GO:0007623, GO:0007631, GO:0008049, GO:0007622, GO:0042594, GO:0003674, GO:0007617, GO:0005615, GO:0008343"
"12075","tobi","FBgn0261575","FBgn0261575","target of brain insulin","In progress.","3R",25344761,25346921,"-","FBgn0261575","GO:0005975, GO:0016139, GO:0004553"
"12102","TotA","FBgn0028396","FBgn0028396","Turandot A","Turandot A belongs to a class of poorly characterized secreted peptides. Some Turandots are expressed in response to stress in the fat body by the JAK-STAT pathway.","3R",20871036,20871700,"+","FBgn0028396","GO:0006979, GO:0034599, GO:0009617, GO:0009408, GO:0034644, GO:0034605, GO:0009411, GO:0005615, GO:0009414, GO:0071260, GO:0009612, GO:0009409, GO:0051597, GO:0046689"
"12104","TotC","FBgn0044812","FBgn0044812","Turandot C","Turandot C belongs to a class of poorly characterized secreted peptide. Some Turandots are expressed in response to stress in the fat body by the JAK-STAT pathway.","3R",20872988,20873580,"+","FBgn0044812","GO:0006979, GO:0005615, GO:0009408, GO:0009617, GO:0034644, GO:0034605, GO:0009411, GO:0005576"
"12105","TotM","FBgn0031701","FBgn0031701","Turandot M","Turandot M belongs to a class of poorly characterized secreted peptide. Some Turandots are expressed in response to stress in the fat body by the JAK-STAT pathway.","2L",5329857,5330464,"+","FBgn0031701","GO:0005615, GO:0009408, GO:0034605, GO:0009617, GO:0005576, GO:0050830"
"12175","Try29F","FBgn0015316","FBgn0015316","Trypsin 29F","Insufficient genetic data for FlyBase to solicit a summary.","2L",8998537,8999816,"+","FBgn0015316","GO:0004252, GO:0006508, GO:0005737"
"12178","Tsf1","FBgn0022355","FBgn0022355","Transferrin 1","Transferrin 1 is an iron binding protein induced during the Drosophila immune response. Iron sequestration is a classical host defense mechanism to combat bacterial infection.","X",18387084,18390344,"+","FBgn0022355","GO:0005615, GO:0009620, GO:0005576, GO:0042048, GO:0005886"
"12194","Tsp42Eb","FBgn0042086","FBgn0042086","Tetraspanin 42Eb","Insufficient genetic data for FlyBase to solicit a summary.","2R",6998848,6999848,"+","FBgn0042086","GO:0016021, GO:0003674, GO:0008150"
"12307","UGP","FBgn0035978","FBgn0035978","UGP","Insufficient genetic data for FlyBase to solicit a summary.","3L",9350867,9358935,"-","FBgn0035978","GO:0006011, GO:0003983, GO:0055093, GO:0005829, GO:0005977, GO:0005737"
"12398","vanin-like","FBgn0040069","FBgn0040069","vanin-like","Insufficient genetic data for FlyBase to solicit a summary.","X",6200188,6202559,"-","FBgn0040069","GO:0016787, GO:0019898, GO:0016811, GO:0006807"
"12418","Vha100-5","FBgn0032373","FBgn0032373","Vacuolar H[+] ATPase 100kD subunit 5","In progress.","2L",11738948,11744524,"+","FBgn0032373","GO:0000220, GO:0015991, GO:0046961, GO:0016471, GO:0007035, GO:0051117, GO:0005886"
"12460","vkg","FBgn0016075","FBgn0016075","viking","Viking (Vkg) is a subunit of Collagen IV and a major component of basement membranes. It is secreted by haemocytes and fat body cells and is required for the normal morphogenesis of many tissues. Vkg also contributes to TGF-beta signalling in the early embryo and the developing Malpighian tubules.","2L",5012144,5028191,"-","FBgn0016075","GO:0005587, GO:0005581, GO:0007519, GO:0007443, GO:0061327, GO:0062023, GO:0005737, GO:0005201, GO:0005604, GO:0031012, GO:0005615, GO:0030198, GO:0071711"
"12465","vnd","FBgn0261930","FBgn0261930","ventral nervous system defective","Ventral nervous system defective (Vnd) is a Nk2-class homeodomain transcription factor that acts in a context-dependent manner as an activator or repressor. Vnd roles include patterning of the neuroectoderm, formation and specification of ventral neuroblasts and proper development of their cell lineages.","X",582121,598151,"+","FBgn0261930","GO:0007400, GO:0000981, GO:0000122, GO:0007419, GO:0009953, GO:0007420, GO:0007398, GO:0007389, GO:0007417, GO:0045944, GO:0006357, GO:0008134, GO:0021782, GO:0014019, GO:0005634, GO:0010629, GO:0003700, GO:0043565, GO:0000978, GO:0030154"
"12493","vri","FBgn0016076","FBgn0016076","vrille","Vrille (Vri) is a bZIP transcription factor acting as an enhancer of dpp phenotypes both in embryo and in wing. It is involved in hair and cell growth and in tracheal development. Vri is a clock-controlled gene acting as a repressor of Clk and cry.","2L",5288944,5311223,"+","FBgn0016076","GO:0045475, GO:0007623, GO:0006351, GO:0007275, GO:0001227, GO:0007622, GO:0009987, GO:0008407, GO:0035317, GO:0007424, GO:0005634, GO:0045823, GO:0010259, GO:0006355"
