"","pathway_size","1h","2h","4h","5h","6h","8h","10h","12h","14h","16h","20h","24h","30h","36h","42h","48h","num_genes","genes"
"acyl-CoA hydrolase activity",6,0,0,0,0,0,0,0,0,0,0,0,0,0,0,2.6243,0,"5","c(""CG13771"", ""CG1638"", ""CG16985"", ""CG16986"", ""CG1774"")"
"adult feeding behavior",13,0,0,0,0,0,-3.1667,0,0,0,0,0,0,0,0,0,0,"11","c(""Dsk"", ""SLC5A11"", ""SP"", ""TfAP-2"", ""bigmax"", ""mtt"", ""ovo"", ""sNPF"", ""sm"", ""to"", ""twz"")"
"alcohol dehydrogenase (NAD) activity",8,0,0,-3.1201,0,-5.4046,-2.6033,0,-2.9389,0,-2.5493,0,0,0,0,0,0,"6","c(""Adh"", ""CG18814"", ""CG4842"", ""Fdh"", ""Pdh"", ""T3dh"")"
"aldose 1-epimerase activity",5,0,0,0,0,-2.8068,0,0,-2.6983,0,0,0,0,0,0,0,0,"5","c(""CG10467"", ""CG10996"", ""CG32444"", ""CG32445"", ""CG4988"")"
"alpha-mannosidase activity",9,0,0,0,0,0,0,2.8752,0,0,0,0,3.3695,0,0,0,3.6295,"9","c(""CG14015"", ""LManI"", ""LManII"", ""LManIII"", ""LManIV"", ""LManV"", ""LManVI"", ""alpha-Man-IIa"", ""alpha-Man-IIb"")"
"antibacterial humoral response",25,3.1386,3.3687,4.0012,5.8661,0,0,0,0,0,0,0,0,6.8652,0,0,6.2592,"25","c(""18w"", ""AttA"", ""AttB"", ""AttC"", ""AttD"", ""CG33493"", ""CecA1"", ""CecA2"", ""CecB"", ""CecC"", ""Def"", ""DptA"", ""DptB"", ""Dro"", ""Drs"", ""IKKbeta"", ""IM23"", ""IM3"", ""IMPPP"", ""Mtk"", ""PGRP-LC"", ""PGRP-LF"", ""Thor"", ""bsk"", ""imd"")"
"behavioral response to starvation",7,0,0,0,0,0,-3.942,0,0,0,0,0,0,0,0,0,0,"7","c(""AMPKalpha"", ""Arc1"", ""Galphao"", ""Hsp27"", ""SNF4Agamma"", ""to"", ""trsn"")"
"box C/D snoRNP complex",6,0,0,0,0,2.6214,3.1063,0,0,0,0,0,0,0,0,0,0,"6","c(""CG10909"", ""Fib"", ""Nop56"", ""U3-55K"", ""hoip"", ""nop5"")"
"cellular response to mechanical stimulus",7,0,0,0,0,0,0,0,0,0,3.5933,0,0,0,0,0,0,"7","c(""GABA-B-R2"", ""Gat"", ""Piezo"", ""Pzl"", ""TotA"", ""nompC"", ""zip"")"
"cellular response to sucrose stimulus",7,0,0,0,0,-2.5033,0,0,0,0,0,0,0,0,0,0,0,"7","c(""ACC"", ""Dop1R1"", ""DopEcR"", ""FASN1"", ""FASN2"", ""GlyS"", ""PICK1"")"
"cellular response to unfolded protein",17,0,2.8832,2.7356,0,0,0,0,0,0,0,0,0,0,0,0,0,"17","c(""BI-1"", ""CG7182"", ""Gba1a"", ""Gba1b"", ""Hsc70-1"", ""Hsc70-2"", ""Hsc70-3"", ""Hsc70-4"", ""Hsc70-5"", ""Hsp68"", ""Hsp70Aa"", ""Hsp70Ab"", ""Hsp70Ba"", ""Hsp70Bb"", ""Hsp70Bbb"", ""Hsp70Bc"", ""Spp"")"
"cellular response to UV",7,0,0,0,6.1574,3.6757,3.2267,5.4257,4.7358,6.1038,8.7206,4.6791,2.776,5.2203,0,0,0,"5","c(""CG17059"", ""TotA"", ""TotB"", ""TotC"", ""Victoria"")"
"circadian behavior",9,0,0,0,0,0,0,0,0,0,2.6329,0,0,0,0,0,0,"9","c(""BTBD9"", ""NPF"", ""Pdfr"", ""Rh7"", ""cry"", ""na"", ""per"", ""slo"", ""tim"")"
"circadian regulation of gene expression",7,0,0,0,0,0,0,0,0,0,-3.3445,0,0,0,0,0,0,"7","c(""Clk"", ""cry"", ""cwo"", ""cyc"", ""lid"", ""nej"", ""per"")"
"CoA-ligase activity",14,0,0,0,0,0,0,0,0,-5.0377,-3.1116,0,0,0,-2.5463,0,0,"13","c(""CG11391"", ""CG11407"", ""CG11453"", ""CG11659"", ""CG12512"", ""CG17999"", ""CG4563"", ""CG4830"", ""CG6178"", ""CG6300"", ""CG8834"", ""CG9993"", ""e"")"
"copulation",9,0,0,0,0,0,2.7433,2.8077,3.5881,2.6107,4.2638,0,0,0,2.849,3.8514,0,"6","c(""dsf"", ""fru"", ""lig"", ""pain"", ""per"", ""tim"")"
"cuticle development",10,2.562,0,0,0,0,0,0,0,0,0,0,0,0,0,0,0,"7","c(""CalpA"", ""Duox"", ""Hr38"", ""Rack1"", ""Sec61alpha"", ""amd"", ""ect"")"
"cysteine-type endopeptidase activity involved in apoptotic process",7,0,0,0,0,0,0,0,2.919,2.6454,0,0,0,0,2.9819,2.6419,2.6772,"7","c(""Damm"", ""Dcp-1"", ""Decay"", ""Dredd"", ""Drice"", ""Dronc"", ""Strica"")"
"cytokine activity",18,0,0,0,0,0,3.4931,0,0,0,0,0,0,0,0,0,0,"16","c(""Actbeta"", ""CG14069"", ""Diedel"", ""Gbp1"", ""Gbp2"", ""Gbp3"", ""Ptth"", ""daw"", ""dpp"", ""gbb"", ""mav"", ""myo"", ""spz"", ""upd1"", ""upd2"", ""upd3"")"
"defense response",22,0,0,3.5232,6.1127,0,0,0,0,0,0,0,0,4.1964,0,0,4.3729,"18","c(""AttC"", ""CG10433"", ""CG15065"", ""CG9029"", ""Dredd"", ""Dro"", ""Drs"", ""Duox"", ""IM1"", ""IM14"", ""IM2"", ""IM4"", ""IMPPP"", ""Mst57Da"", ""Mtk"", ""Nox"", ""Stat92E"", ""msopa"")"
"defense response to Gram-positive bacterium",56,0,2.6847,2.5714,3.7156,0,0,0,0,0,0,0,0,4.858,0,0,4.2922,"52","c(""AttA"", ""AttB"", ""AttC"", ""AttD"", ""CG13551"", ""CG30098"", ""CG33493"", ""CG9380"", ""CecA1"", ""CecA2"", ""CecB"", ""CecC"", ""Coq2"", ""Def"", ""Dif"", ""DptA"", ""DptB"", ""Dro"", ""GNBP1"", ""Gprk2"", ""IM23"", ""Listericin"", ""Mtk"", ""Myd88"", ""PGRP-LA"", ""PGRP-LB"", ""PGRP-LC"", ""PGRP-LE"", ""PGRP-LF"", ""PGRP-SA"", ""PGRP-SB1"", ""PGRP-SC1a"", ""PGRP-SC1b"", ""PGRP-SC2"", ""PGRP-SD"", ""PPO1"", ""PPO2"", ""Pebp1"", ""SPE"", ""SPH93"", ""Tep3"", ""Tl"", ""TotM"", ""eater"", ""edin"", ""grass"", ""modSP"", ""psh"", ""sphinx1"", ""sphinx2"", ""spirit"", ""spz"")"
"dopamine metabolic process",7,0,0,0,-2.7472,-2.9905,0,0,0,-4.2119,-4.0218,-2.82,0,0,-3.4162,0,0,"7","c(""DJ-1alpha"", ""Manf"", ""PPO1"", ""PPO2"", ""PPO3"", ""e"", ""ple"")"
"eclosion rhythm",9,0,0,0,0,0,0,0,2.6079,0,3.3515,0,0,0,0,2.8815,0,"8","c(""CkIIbeta"", ""Clk"", ""Pdf"", ""cyc"", ""disco"", ""lark"", ""per"", ""tim"")"
"electron transport chain",5,0,0,-2.5745,0,-2.5839,-2.5658,0,0,0,0,0,0,0,0,0,0,"5","c(""Etf-QO"", ""Invadolysin"", ""ND-18"", ""SdhA"", ""blw"")"
"epithelium regeneration",5,0,0,0,0,3.6249,0,0,0,0,0,0,0,0,0,0,0,"5","c(""Idgf1"", ""Spn88Eb"", ""Sxl"", ""rdo"", ""tra"")"
"exopeptidase activity",6,0,0,0,0,-2.6015,0,0,0,0,0,0,0,0,0,0,0,"5","c(""Acer"", ""Ance"", ""Ance-3"", ""Ance-4"", ""Ance-5"")"
"fatty acid biosynthetic process",31,0,0,0,0,0,0,0,0,-3.1083,0,0,0,0,0,0,0,"27","c(""ACC"", ""ATPCL"", ""AcCoAS"", ""Acsl"", ""CG10932"", ""CG11391"", ""CG11407"", ""CG11453"", ""CG11659"", ""CG12170"", ""CG12512"", ""CG17999"", ""CG18155"", ""CG3961"", ""CG4563"", ""CG4830"", ""CG6178"", ""CG6300"", ""CG6432"", ""CG8834"", ""CG9993"", ""ND-ACP"", ""SREBP"", ""beg"", ""bgm"", ""e"", ""hll"")"
"fatty acid elongase activity",20,0,0,-2.7034,0,0,0,0,0,0,0,0,0,0,0,0,0,"18","c(""Baldspot"", ""CG16904"", ""CG17821"", ""CG18609"", ""CG30008"", ""CG31141"", ""CG31522"", ""CG31523"", ""CG33110"", ""CG5326"", ""CG6660"", ""CG9458"", ""CG9459"", ""Elo68alpha"", ""Elo68beta"", ""bond"", ""eloF"", ""sit"")"
"fatty acid elongation, monounsaturated fatty acid",20,0,0,-2.7034,0,0,0,0,0,0,0,0,0,0,0,0,0,"18","c(""Baldspot"", ""CG16904"", ""CG17821"", ""CG18609"", ""CG30008"", ""CG31141"", ""CG31522"", ""CG31523"", ""CG33110"", ""CG5326"", ""CG6660"", ""CG9458"", ""CG9459"", ""Elo68alpha"", ""Elo68beta"", ""bond"", ""eloF"", ""sit"")"
"fatty acid elongation, polyunsaturated fatty acid",20,0,0,-2.7034,0,0,0,0,0,0,0,0,0,0,0,0,0,"18","c(""Baldspot"", ""CG16904"", ""CG17821"", ""CG18609"", ""CG30008"", ""CG31141"", ""CG31522"", ""CG31523"", ""CG33110"", ""CG5326"", ""CG6660"", ""CG9458"", ""CG9459"", ""Elo68alpha"", ""Elo68beta"", ""bond"", ""eloF"", ""sit"")"
"fatty acid elongation, saturated fatty acid",20,0,0,-2.7034,0,0,0,0,0,0,0,0,0,0,0,0,0,"18","c(""Baldspot"", ""CG16904"", ""CG17821"", ""CG18609"", ""CG30008"", ""CG31141"", ""CG31522"", ""CG31523"", ""CG33110"", ""CG5326"", ""CG6660"", ""CG9458"", ""CG9459"", ""Elo68alpha"", ""Elo68beta"", ""bond"", ""eloF"", ""sit"")"
"fatty acid ligase activity",16,0,-2.5217,0,0,-2.5906,0,0,-2.5098,-4.7906,-2.9513,0,0,0,-2.5089,0,0,"15","c(""CG11391"", ""CG11407"", ""CG11453"", ""CG11659"", ""CG12512"", ""CG17999"", ""CG4563"", ""CG4830"", ""CG6178"", ""CG6300"", ""CG8834"", ""CG9993"", ""bgm"", ""e"", ""hll"")"
"fatty-acyl-CoA reductase (alcohol-forming) activity",17,0,0,0,0,0,0,0,0,-2.5708,-2.8154,0,0,0,-2.7211,0,0,"14","c(""CG12268"", ""CG13091"", ""CG1441"", ""CG14893"", ""CG17560"", ""CG17562"", ""CG30427"", ""CG34342"", ""CG4020"", ""CG5065"", ""CG8303"", ""CG8306"", ""FarO"", ""wat"")"
"galactose catabolic process via UDP-galactose",8,0,0,0,0,-3.7659,-2.8774,0,0,0,0,0,0,0,0,0,0,"8","c(""CG10467"", ""CG10996"", ""CG32444"", ""CG32445"", ""CG4988"", ""Gale"", ""Galk"", ""Galt"")"
"gluconeogenesis",9,0,0,0,0,-2.9014,0,0,0,0,0,0,0,0,0,0,0,"7","c(""CG9961"", ""G6P"", ""PCB"", ""Pgi"", ""Pgk"", ""Tpi"", ""fbp"")"
"glycogen metabolic process",7,0,0,-3.7348,-3.7618,-4.1375,-4.5853,0,0,0,0,0,0,0,0,0,0,"7","c(""ACC"", ""CG7766"", ""CG8475"", ""FASN1"", ""GlyS"", ""UGP"", ""foxo"")"
"heat shock-mediated polytene chromosome puffing",9,4.0729,5.3132,4.6664,0,0,0,0,0,0,0,0,0,0,0,0,0,"9","c(""Hsp70Aa"", ""Hsp70Ab"", ""Hsp70Ba"", ""Hsp70Bb"", ""Hsp70Bbb"", ""Hsp70Bc"", ""Nup50"", ""Nup98-96"", ""Parp"")"
"humoral immune response",22,2.6632,2.5864,3.0473,4.953,0,0,0,0,0,0,0,0,4.9503,0,0,5.0868,"17","c(""AttA"", ""AttB"", ""AttC"", ""CecA1"", ""CecA2"", ""CecB"", ""CecC"", ""Def"", ""DptB"", ""IM4"", ""IMPPP"", ""Mitf"", ""Nplp2"", ""Stat92E"", ""edin"", ""hop"", ""imd"")"
"inner dynein arm",7,0,0,0,0,0,0,0,0,0,0,0,-2.9532,0,0,0,0,"6","c(""Dhc16F"", ""Dhc36C"", ""Dhc62B"", ""Dhc98D"", ""Dnah3"", ""kl-2"")"
"intracellular cholesterol transport",7,0,0,0,0,-3.1016,0,0,0,0,0,0,0,0,0,0,0,"6","c(""Npc2a"", ""Npc2b"", ""Npc2d"", ""Npc2f"", ""Npc2g"", ""Npc2h"")"
"L-phenylalanine catabolic process",6,0,0,-3.2452,0,-2.7943,-3.4694,0,0,-3.2591,0,0,0,0,0,0,0,"6","c(""Dhpr"", ""Faa"", ""GstZ1"", ""GstZ2"", ""Hn"", ""hgo"")"
"long-chain fatty acid metabolic process",6,0,0,-3.3085,0,-3.1001,0,0,0,0,0,0,0,0,0,0,0,"6","c(""Acsl"", ""CG3961"", ""CG6178"", ""bgm"", ""hll"", ""pdgy"")"
"long-chain fatty acid-CoA ligase activity",9,0,0,-3.3085,0,-3.1001,0,0,0,0,0,0,0,0,0,0,0,"6","c(""Acsl"", ""CG3961"", ""CG6178"", ""bgm"", ""hll"", ""pdgy"")"
"long-chain fatty-acyl-CoA metabolic process",17,0,0,0,0,0,0,0,0,-2.5708,-2.8154,0,0,0,-2.7211,0,0,"14","c(""CG12268"", ""CG13091"", ""CG1441"", ""CG14893"", ""CG17560"", ""CG17562"", ""CG30427"", ""CG34342"", ""CG4020"", ""CG5065"", ""CG8303"", ""CG8306"", ""FarO"", ""wat"")"
"maltose alpha-glucosidase activity",10,0,0,0,0,0,0,0,0,3.7576,3.0702,7.3776,6.2577,3.7738,4.9411,4.8532,6.5207,"10","c(""Mal-A1"", ""Mal-A2"", ""Mal-A3"", ""Mal-A4"", ""Mal-A5"", ""Mal-A6"", ""Mal-A7"", ""Mal-A8"", ""Mal-B1"", ""Mal-B2"")"
"mannose metabolic process",10,0,0,0,0,0,0,2.8082,0,0,0,0,3.1336,0,0,0,3.2205,"10","c(""Hex-t2"", ""LManI"", ""LManII"", ""LManIII"", ""LManIV"", ""LManV"", ""LManVI"", ""Pmm2"", ""alpha-Man-IIa"", ""alpha-Man-IIb"")"
"metal ion homeostasis",6,0,0,0,3.1449,0,0,0,0,0,0,0,3.3646,0,0,0,0,"5","c(""ATP7"", ""MtnA"", ""MtnB"", ""MtnC"", ""MtnD"")"
"misfolded protein binding",14,2.7417,3.5876,3.4777,0,0,0,0,0,0,0,0,0,0,0,0,0,"14","c(""CG7182"", ""Hsc70-1"", ""Hsc70-2"", ""Hsc70-3"", ""Hsc70-4"", ""Hsc70-5"", ""Hsp68"", ""Hsp70Aa"", ""Hsp70Ab"", ""Hsp70Ba"", ""Hsp70Bb"", ""Hsp70Bbb"", ""Hsp70Bc"", ""P58IPK"")"
"N-acetylmuramoyl-L-alanine amidase activity",14,4.3618,4.3467,2.5382,0,0,0,0,0,0,0,0,0,2.7188,0,0,3.458,"12","c(""CG9380"", ""PGRP-LA"", ""PGRP-LB"", ""PGRP-LC"", ""PGRP-LE"", ""PGRP-LF"", ""PGRP-SA"", ""PGRP-SB1"", ""PGRP-SC1a"", ""PGRP-SC1b"", ""PGRP-SC2"", ""PGRP-SD"")"
"negative regulation of JAK-STAT cascade",15,0,0,0,0,2.6484,4.2776,0,0,0,0,3.2043,0,0,0,0,0,"14","c(""CG30423"", ""Diedel"", ""E(bx)"", ""Ptp61F"", ""Socs36E"", ""Socs44A"", ""Su(var)2-10"", ""apt"", ""et"", ""ken"", ""lig"", ""peb"", ""pzg"", ""wdp"")"
"negative regulation of natural killer cell differentiation involved in immune response",14,4.3618,4.3467,2.5382,0,0,0,0,0,0,0,0,0,2.7188,0,0,3.458,"12","c(""CG9380"", ""PGRP-LA"", ""PGRP-LB"", ""PGRP-LC"", ""PGRP-LE"", ""PGRP-LF"", ""PGRP-SA"", ""PGRP-SB1"", ""PGRP-SC1a"", ""PGRP-SC1b"", ""PGRP-SC2"", ""PGRP-SD"")"
"negative regulation of stem cell proliferation",5,3.8843,0,0,0,0,0,0,0,0,0,0,0,0,0,0,0,"5","c(""Mmp2"", ""Pez"", ""Rel"", ""key"", ""wdp"")"
"peptidoglycan binding",19,3.2371,3.1849,0,0,0,0,0,0,0,0,0,0,0,0,0,2.7588,"16","c(""CG9380"", ""GNBP1"", ""Npc2a"", ""Npc2h"", ""PGRP-LA"", ""PGRP-LB"", ""PGRP-LC"", ""PGRP-LE"", ""PGRP-LF"", ""PGRP-SA"", ""PGRP-SB1"", ""PGRP-SC1a"", ""PGRP-SC1b"", ""PGRP-SC2"", ""PGRP-SD"", ""eater"")"
"peptidoglycan catabolic process",14,4.2076,4.0541,0,0,0,0,0,0,0,0,0,0,2.5277,0,0,3.2577,"12","c(""GNBP1"", ""PGRP-LA"", ""PGRP-LB"", ""PGRP-LC"", ""PGRP-LE"", ""PGRP-LF"", ""PGRP-SA"", ""PGRP-SB1"", ""PGRP-SC1a"", ""PGRP-SC1b"", ""PGRP-SC2"", ""PGRP-SD"")"
"peptidoglycan receptor activity",14,4.3618,4.3467,2.5382,0,0,0,0,0,0,0,0,0,2.7188,0,0,3.458,"12","c(""CG9380"", ""PGRP-LA"", ""PGRP-LB"", ""PGRP-LC"", ""PGRP-LE"", ""PGRP-LF"", ""PGRP-SA"", ""PGRP-SB1"", ""PGRP-SC1a"", ""PGRP-SC1b"", ""PGRP-SC2"", ""PGRP-SD"")"
"peptidyl-dipeptidase activity",6,0,0,0,0,-2.6015,0,0,0,0,0,0,0,0,0,0,0,"5","c(""Acer"", ""Ance"", ""Ance-3"", ""Ance-4"", ""Ance-5"")"
"peripheral nervous system neuron development",8,3.1176,0,0,0,0,0,0,0,0,0,0,0,0,0,0,0,"8","c(""Dif"", ""Dredd"", ""Rel"", ""Tollo"", ""Ube3a"", ""dila"", ""dl"", ""egh"")"
"phospholipase A1 activity",7,0,0,0,3.1272,0,0,3.1803,0,0,0,0,2.979,0,0,0,0,"6","c(""CG17192"", ""CG6271"", ""CG6277"", ""CG6283"", ""CG6295"", ""CG6296"")"
"phosphopantetheine binding",5,0,0,-2.6954,-3.0995,-5.2244,0,-3.1455,0,-4.2103,-3.5674,0,0,0,-3.058,0,0,"5","c(""FASN1"", ""FASN2"", ""FASN3"", ""ND-ACP"", ""e"")"
"photoreceptor activity",5,0,0,0,0,0,0,0,0,0,-4.0118,0,0,0,0,0,0,"5","c(""SK"", ""Vha100-1"", ""cry"", ""inaD"", ""shakB"")"
"positive regulation of biosynthetic process of antibacterial peptides active against Gram-negative bacteria",9,3.3865,2.6945,0,0,0,0,0,0,0,0,0,0,0,0,0,2.8583,"9","c(""Diap2"", ""Dredd"", ""Dro"", ""PGRP-LC"", ""Rel"", ""Tab2"", ""Tak1"", ""imd"", ""key"")"
"positive regulation of peptidoglycan recognition protein signaling pathway",6,5.4989,4.1375,3.8352,2.7785,0,0,0,0,0,0,0,0,3.4375,0,0,3.8447,"5","c(""Listericin"", ""PGRP-LC"", ""PGRP-SD"", ""Rel"", ""dgrn"")"
"positive regulation of phagocytosis",7,3.0324,0,0,0,0,0,0,0,0,3.1798,0,0,0,0,3.3769,0,"6","c(""ClC-b"", ""PGRP-LE"", ""PGRP-SC1a"", ""Rel"", ""eater"", ""tim"")"
"post-mating behavior",8,0,0,0,0,0,-2.5644,0,0,0,0,0,0,0,0,0,0,"8","c(""Acp26Aa"", ""Ebp"", ""EbpII"", ""EbpIII"", ""Mst57Da"", ""Mst57Db"", ""Mst57Dc"", ""SP"")"
"presynapse",6,0,2.5955,0,0,0,0,0,0,0,0,0,0,0,0,0,0,"5","c(""PGRP-LC"", ""Rgk1"", ""S6kII"", ""Strip"", ""tkv"")"
"protein binding involved in protein folding",15,2.5504,3.2603,3.1391,0,0,0,0,0,0,0,0,0,0,0,0,0,"15","c(""CG7182"", ""Hsc70-1"", ""Hsc70-2"", ""Hsc70-3"", ""Hsc70-4"", ""Hsc70-5"", ""Hsp68"", ""Hsp70Aa"", ""Hsp70Ab"", ""Hsp70Ba"", ""Hsp70Bb"", ""Hsp70Bbb"", ""Hsp70Bc"", ""Nrd1"", ""Pfdn2"")"
"pyruvate transmembrane transporter activity",6,0,0,0,0,-2.8447,0,0,0,0,0,0,0,0,0,0,0,"5","c(""CG32832"", ""CG9396"", ""CG9399"", ""Indy"", ""Mpc1"")"
"regulation of circadian sleep/wake cycle",5,0,0,0,0,0,0,0,0,0,0,0,0,0,0,2.9831,0,"5","c(""Gabat"", ""Pdf"", ""Pdfr"", ""Rdl"", ""tim"")"
"response to bacterium",50,0,0,2.9712,5.4936,0,2.7288,2.6901,2.895,2.9574,2.5715,2.9878,2.9148,4.0837,0,0,2.944,"45","c(""Anp"", ""AttC"", ""CG10298"", ""CG17917"", ""CG17919"", ""CG30060"", ""CG6180"", ""CG7054"", ""CecA1"", ""Def"", ""Diedel"", ""DptA"", ""Dro"", ""Drs"", ""IM1"", ""IM14"", ""IM2"", ""IM23"", ""IM3"", ""IM33"", ""IM4"", ""IMPPP"", ""Mtk"", ""PGRP-LA"", ""PGRP-LC"", ""PGRP-LF"", ""Pebp1"", ""Phk-3"", ""Rel"", ""Sid"", ""Sp212"", ""Sr-CI"", ""Thor"", ""TotA"", ""TotB"", ""TotC"", ""TotM"", ""TotX"", ""Victoria"", ""Yp3"", ""a5"", ""foxo"", ""imd"", ""p38b"", ""p38c"")"
"response to cold",6,0,0,0,3.1512,0,0,0,0,0,5.2916,0,0,2.8563,0,0,0,"5","c(""Fst"", ""TotA"", ""Ucp4A"", ""Ucp4C"", ""brv3"")"
"response to copper ion",6,0,0,0,0,0,0,0,0,0,0,0,3.3641,0,0,0,0,"6","c(""CG10505"", ""Gclc"", ""Grx1"", ""MTF-1"", ""MtnD"", ""MtnE"")"
"response to hyperoxia",14,0,0,3.3312,4.6037,0,0,0,0,0,0,0,0,7.3854,0,0,4.633,"12","c(""AttA"", ""AttB"", ""AttC"", ""AttD"", ""CG33129"", ""CG33493"", ""CIA30"", ""DptA"", ""DptB"", ""Sdhaf3"", ""Tm1"", ""UGP"")"
"response to unfolded protein",15,2.6441,3.3499,3.166,0,0,0,0,0,0,0,0,0,0,0,0,0,"15","c(""CG2126"", ""CG7182"", ""Hsc70-1"", ""Hsc70-2"", ""Hsc70-3"", ""Hsc70-4"", ""Hsc70-5"", ""Hsp68"", ""Hsp70Aa"", ""Hsp70Ab"", ""Hsp70Ba"", ""Hsp70Bb"", ""Hsp70Bbb"", ""Hsp70Bc"", ""REPTOR"")"
"response to UV",15,0,0,0,0,0,0,0,0,2.7896,3.8101,0,0,0,0,0,0,"12","c(""14-3-3epsilon"", ""Kap-alpha3"", ""Msh6"", ""Tfb1"", ""Tfb4"", ""TotA"", ""TotB"", ""TotC"", ""Xpd"", ""babo"", ""hay"", ""p53"")"
"rhythmic behavior",12,0,0,0,0,0,-2.5547,0,0,0,2.5507,0,0,0,0,2.6381,0,"12","c(""CkIIbeta"", ""Clk"", ""CrebB"", ""Pka-C1"", ""Pka-R2"", ""cyc"", ""numb"", ""per"", ""sgg"", ""tim"", ""to"", ""vri"")"
"signaling pattern recognition receptor activity",6,0,2.743,0,0,0,0,0,0,0,0,0,0,0,0,0,0,"6","c(""GNBP1"", ""GNBP2"", ""GNBP3"", ""PGRP-LC"", ""PGRP-SA"", ""Toll-7"")"
"SRP-dependent cotranslational protein targeting to membrane, translocation",7,0,0,0,2.653,0,3.2891,0,0,0,0,0,0,0,0,0,0,"6","c(""Sec61alpha"", ""Sec61beta"", ""Srp19"", ""Srp72"", ""Srp9"", ""TRAM"")"
"sterol transport",9,0,0,0,0,-2.605,0,0,0,0,0,0,0,0,0,0,0,"7","c(""Apoltp"", ""Npc2a"", ""Npc2b"", ""Npc2d"", ""Npc2f"", ""Npc2g"", ""Npc2h"")"
"transferase activity, transferring acyl groups other than amino-acyl groups",32,0,3.3537,0,0,0,0,0,0,0,0,0,2.7314,0,0,0,0,"26","c(""CG10182"", ""CG11353"", ""CG11539"", ""CG12560"", ""CG12990"", ""CG13325"", ""CG14204"", ""CG14205"", ""CG14219"", ""CG14615"", ""CG15155"", ""CG15628"", ""CG16723"", ""CG17597"", ""CG17681"", ""CG1941"", ""CG1946"", ""CG3106"", ""CG32645"", ""CG33337"", ""CG42329"", ""CG4576"", ""CG5783"", ""CG9447"", ""ScpX"", ""drd"")"
"triglyceride biosynthetic process",6,0,0,-3.3076,-2.8474,-4.8194,-2.9506,0,0,0,0,0,0,0,0,0,0,"6","c(""ACC"", ""CG33120"", ""FASN1"", ""Lpin"", ""mdy"", ""mino"")"
"very long-chain fatty acid biosynthetic process",23,0,0,-2.5921,0,0,0,0,0,0,0,0,0,0,0,0,0,"19","c(""Baldspot"", ""CG16904"", ""CG17821"", ""CG18609"", ""CG30008"", ""CG31141"", ""CG31522"", ""CG31523"", ""CG33110"", ""CG5326"", ""CG6660"", ""CG9458"", ""CG9459"", ""Elo68alpha"", ""Elo68beta"", ""Sc2"", ""bond"", ""eloF"", ""sit"")"
"wax biosynthetic process",17,0,0,0,0,0,0,0,0,-2.5708,-2.8154,0,0,0,-2.7211,0,0,"14","c(""CG12268"", ""CG13091"", ""CG1441"", ""CG14893"", ""CG17560"", ""CG17562"", ""CG30427"", ""CG34342"", ""CG4020"", ""CG5065"", ""CG8303"", ""CG8306"", ""FarO"", ""wat"")"
"xenobiotic metabolic process",8,0,-3.2069,-2.7785,0,-3.6143,0,0,0,0,0,0,0,0,0,0,0,"5","c(""Cyp18a1"", ""St1"", ""St3"", ""St4"", ""ss"")"
