"","adj.pvalue.t1.t0","adj.pvalue.t2.t0","adj.pvalue.t4.t0","adj.pvalue.t5.t0","adj.pvalue.t6.t0","adj.pvalue.t8.t0","adj.pvalue.t10.t0","adj.pvalue.t12.t0","adj.pvalue.t14.t0","adj.pvalue.t16.t0","adj.pvalue.t20.t0","adj.pvalue.t24.t0","adj.pvalue.t30.t0","adj.pvalue.t36.t0","adj.pvalue.t42.t0","adj.pvalue.t48.t0"
"FBgn0000278",0.0163914305924099,0.0214649889431127,0.0613526814238167,0.132745758955669,0.239357760612727,0.17088687182989,0.260382739394614,0.293658749698889,0.587321223736939,0.454759459353362,0.144955038376837,0.240725275691037,0.255059217324108,0.259069437163515,0.131452978175325,0.315902837109963
"FBgn0000279",0.0152383954389228,0.0219455783734311,0.104039449901168,0.194094388877324,0.302986262568868,0.177360397084743,0.175251196588442,0.193834718144262,0.372599906069994,0.38552830505976,0.121902891677486,0.259436294974566,0.134120589958565,0.169349355524643,0.106256364867373,0.218428870034427
"FBgn0002565",0.890690774013376,0.721935653782916,0.207515931067148,0.205448328080245,0.0110105277929399,0.000444932907299512,0.000173845290889376,0.000680031966921766,0.00106663266775412,0.0763227345149018,0.121642995929493,0.36968011429767,0.231345214146116,0.616463998857288,0.895584812910274,0.847738717377358
"FBgn0002570",0.413287183103533,0.212287768071239,0.143455829266226,0.104449732494926,0.217684420328085,0.295223336962313,0.143171187294768,0.0700280232489085,0.00542050568936281,0.0115369713051385,0.00189697522153016,0.00213466266609688,0.00405348500553581,0.00211342493152465,0.000777942567357703,0.00244527148961882
"FBgn0002939",0.824101036526274,0.869048551327331,0.176844669210979,0.918209766313477,0.584054706194468,0.654880546770771,0.0763526442320105,0.205279200023223,0.0900244173316475,0.277307511538435,0.102505431855328,0.0885312758340472,0.0378057122056391,0.316994340335483,0.0295500344681847,0.0502442627643443
"FBgn0003068",0.531463723915875,0.277161114160377,0.0353779948621567,0.121679954024441,0.000252819159715409,7.54121412217769e-06,1.07682805482275e-06,1.58434943846101e-07,1.58434943846101e-07,1.58434943846101e-07,0.00194952861021117,0.977270401549775,0.0018718277493244,1.58434943846101e-07,3.84929885466638e-05,0.981923367545806
"FBgn0003499",2.62903431882918e-05,0.0058312716322106,0.560793539956754,0.979306940983053,0.920702743431935,0.733649493036086,0.440416487255144,0.386660216318769,0.789160444651358,0.915659981582817,0.817771424382743,0.38114320875563,0.89063482433062,0.535683749486599,0.477846884418234,0.253592359990668
"FBgn0004240",0.0405094805441268,0.0127876457945062,0.00807875305763504,0.00403367796252623,0.00498905880551996,0.00490383747939934,0.00810572883595587,0.00628935972480147,0.0128154835773421,0.017316152306204,0.00498905880551996,0.0966787808408438,0.00632597845112688,0.0396370661956928,0.00977330321334692,0.0152974503519689
"FBgn0005660",0.000673808329396291,0.00308661764540653,0.140082344081718,0.410366025234926,0.0791836119298134,0.468176495773624,0.408585231950915,0.514326320736135,0.354539041254885,0.70216237332922,0.433511234364979,0.708263092707921,0.621101927289021,0.478907267449584,0.953813021254821,0.386478800725861
"FBgn0010038",0.303150442623038,0.283697154119121,0.0219455783734311,0.192025860828301,0.0697005313956389,0.752793957159047,0.442408343405931,0.705077742088146,0.150838623318377,0.524587592271972,0.824101036526274,0.700126290042167,0.842038409835278,0.395267266142916,0.68714519792691,0.738985022750339
"FBgn0010040",0.401467507519807,0.169983925413962,0.0197224742794573,0.105912157838225,0.0490973042210599,0.621123084663592,0.405774061963454,0.43839959091548,0.135250884944997,0.482738915670525,0.481862019369682,0.396574053814631,0.544325563237321,0.209535470617474,0.685802563200523,0.66120490581796
"FBgn0010041",0.121041733658608,0.126795826293951,0.0250546528179311,0.0993832122356362,0.0582815260603975,0.759504249697268,0.279093227431384,0.285744170586859,0.0571590835215882,0.257631548056792,0.326702091648395,0.403408092739524,0.634167184798748,0.199189095900713,0.43973589885763,0.436734215686663
"FBgn0010044",0.215839522914701,0.0748823633728635,0.0523307119645077,0.312458639485226,0.397934870139894,0.991074190732813,0.924939546721802,0.803459164135422,0.558917683910264,0.500446561136793,0.0987512847277605,0.0338040276214843,0.224267662857554,0.0246412183449066,0.0124900136949826,0.0322651359151749
"FBgn0010052",0.637149761132492,0.186376220874467,0.216120359801729,0.643064552661442,0.49133021484618,0.681857576560186,0.153861225660591,0.00200713962719527,0.000890605135323732,0.000841448305038787,0.386267637015833,0.87980931701464,0.861866757526041,0.00609155323494519,0.0977151816654878,0.962341652867652
"FBgn0010222",0.170685104451927,0.346964576224157,0.026114741500599,0.00687295981500617,0.00383592519206933,0.06271479186433,0.153527157699758,0.539891140940693,0.393804831268437,0.742072804957004,0.678590547086498,0.90029636147847,0.34140870589274,0.227599351609504,0.937146952746044,0.224904423588048
"FBgn0010388",0.189575615968466,0.068149323193126,0.0262112779328567,0.0118092131759882,0.010601600577689,0.00443817042439267,0.00867509441675359,0.00657186893067889,0.0141578504178272,0.0107960000423397,0.00376161060645901,0.0573588684158791,0.00343675455406575,0.0207143048329871,0.00859431819611435,0.0109893188342925
"FBgn0012042",0.0195957356016423,0.00808262639463487,0.0140255290411771,0.0295998782036971,0.0443815463783475,0.0296892617886258,0.0843935833545991,0.0460214393297081,0.12507193345449,0.109433330267741,0.027552213197337,0.219892226944081,0.0266134547439656,0.0665433635917761,0.0427289151992676,0.113154308604958
"FBgn0013275",0.00300209419390887,0.0431312357405832,0.131695782178847,0.360101821179392,0.0516793690675876,0.747030173818441,0.446382864226622,0.744997032573973,0.445183958634573,0.694234763425875,0.689734810514655,0.845251376045197,0.592936615609786,0.281410591465201,0.974345114015559,0.435032315085096
"FBgn0013276",0.00301701847829868,0.0434751016476129,0.132303252531466,0.360516361652556,0.0519181237209683,0.75100796588317,0.444941519445442,0.746113920934126,0.445053890666021,0.701038657680685,0.691944422972631,0.85012870382627,0.592401542828084,0.282089704002281,0.973745356986403,0.43690303842178
"FBgn0013277",0.000710920408837307,0.0222994893961491,0.0886230499769802,0.37755935398417,0.029462553474263,0.718014906429987,0.406208148781598,0.856124803720505,0.862944916948491,0.656261679653073,0.905874752780251,0.966541230136978,0.790283998955115,0.509152162677813,0.786057285283692,0.623189951110058
"FBgn0013278",0.000673808329396291,0.0207792809650179,0.0824536387202839,0.391230129454731,0.0284342068259277,0.717159219408428,0.40091463893253,0.884482627157291,0.882738667109383,0.660313211762374,0.926341951816837,0.972220157911808,0.785378892302497,0.531509440674549,0.772049635179386,0.644825393492623
"FBgn0013279",0.000722350558157823,0.0217244264675434,0.0859477106303111,0.376099146581349,0.0285631071253408,0.724759678442115,0.395911871333781,0.862303743748077,0.887406617101395,0.675233642200617,0.935760570908296,0.966803733406499,0.79101480183565,0.526238950036645,0.782139530563751,0.635687962744357
"FBgn0014018",0.00718388301559317,0.0147429676813488,0.369728443149698,0.462780751395335,0.427981571347006,0.408570838402368,0.376795102311579,0.343337880007877,0.680481015150288,0.652021833746227,0.346251503789804,0.600341868621811,0.318090331900934,0.435220933776609,0.389231991878724,0.323171760221296
"FBgn0014396",0.0988997988423219,0.0326691103909367,0.0277150483471538,0.12636659457033,0.894267503517618,0.0248401330506312,0.000834888987731613,0.000232109388603791,4.47216933670951e-05,3.84929885466638e-05,0.000478772881847734,0.404019559918183,0.914833347070645,7.0530625380811e-05,3.72919921557996e-05,0.843103788137794
"FBgn0014454",0.403144649642533,0.0860923938822089,0.0954293720349109,0.537287836613999,0.0795485580432,0.013053271429227,0.163265295389678,0.255791822236401,0.256691988521222,0.287398810062525,0.393335102237531,0.638215828898191,0.329380713548627,0.166736337090974,0.322007463307385,0.196241930270689
"FBgn0014859",1.16034264708764e-06,0.000128193552433801,0.0886482279414735,0.398843139886496,0.212961485402615,0.516378353583162,0.473195112944753,0.498986697948261,0.977333090327457,0.902242704667137,0.89903537319004,0.58020721355144,0.687198120104543,0.405320109658962,0.505938402335023,0.570477300693064
"FBgn0014865",0.0142264905852134,0.00577557741308679,0.00141820234310962,0.000585611420641123,0.000734546427517773,0.000497197918659165,0.000910501504219486,0.000663386976952145,0.000916847669454884,0.00159066476806384,0.000634066070583187,0.0124115738383657,0.000328673200936645,0.00166196293643843,0.000892851345417975,0.00179058234550458
"FBgn0015316",0.0765244016041429,0.0067458431399809,0.00411266517055948,0.0035263141844289,0.0272642258194073,0.405013351817338,0.437418668538341,0.0323862571687154,0.00024217608091617,0.00448694564504732,0.341756509581882,0.908415967605212,0.367559941943276,0.039519378995417,0.101510609878071,0.362888843096727
"FBgn0015570",0.807678350947362,0.349613158758063,0.000352157845695496,0.00113910425569151,0.000371972622362115,0.0117374492536707,0.94980049923299,0.523862273774597,0.477292399350053,0.509616710999216,0.98458335678891,0.828399607588062,0.339826963423657,0.444270733407547,0.655974514760034,0.336077539606898
"FBgn0016076",0.170660046938919,0.344759915200325,0.38744321831166,0.54087995125072,0.0298180852938109,0.00106388226354986,2.74026460616e-05,5.89456630017077e-06,6.40799649987178e-06,2.62903431882918e-05,0.0504550015368281,0.72165638569963,0.0699591401256821,5.76791348555502e-06,0.00620316193569892,0.32548205482449
"FBgn0019928",0.00024943680686949,0.0276524760221055,0.411218447978815,0.2507341031779,0.0219547482877556,0.163452454587628,0.719334165844229,0.856146065841026,0.707641843551496,0.795736805514271,0.428666359785577,0.919217014383739,0.849552713331469,0.389213973986312,0.488566079332866,0.979197149719489
"FBgn0020906",0.910707612873351,0.939400674726219,0.172810683957394,0.379514886763668,0.66478297291047,0.204917161207069,0.0744763986927323,0.0439610551933602,0.196338672145226,0.434687206839399,0.563453040396649,0.00147035898481756,0.0330905497044679,0.0148397576385208,0.168033148427469,0.0349678353904733
"FBgn0022772",0.704294100136173,0.618589644692209,0.0219932878959503,0.0333084196788613,0.00629845327127117,0.0020708334596667,0.0062589992603988,0.0430562045693073,0.167538201089826,0.371133726118798,0.240348371411342,0.360857430264764,0.124778975136636,0.238628496983568,0.349231745712293,0.609399983049462
"FBgn0024289",0.665097651231705,0.229217432552358,0.00308066537983022,0.0129902610121049,0.000151308299844677,0.000673808329396291,0.126686251386094,0.191433322107316,0.239935889402452,0.346258244087363,0.864113825917928,0.532176014698259,0.254870238150357,0.776077805973651,0.282811085690669,0.234928402533242
"FBgn0025583",0.287586522769785,0.0164728023039728,0.00309572056870133,0.00211342493152465,0.00355308342210758,0.00342440994656512,0.00731312689842082,0.0487779970427312,0.0173221936594597,0.00875595178364712,0.0079694568041713,0.212398671710206,0.00811963537867696,0.17118093219072,0.00892051093075155,0.332246417660498
"FBgn0025680",0.982224737840318,0.816404385635826,0.337733388392509,0.47182109441451,0.220743576172976,0.0668254452749477,0.155764770129302,0.0240805201780814,2.75216134980154e-05,1.00267200277113e-06,0.00670484989103235,0.355140608777468,0.419230961877886,0.0106360091104585,0.000174233687966728,0.308979628163088
"FBgn0027584",0.609260580642229,0.454405689100619,0.598443924458152,0.205857306272066,0.30223351150757,0.111759106709829,0.131468145237242,0.156269571881595,0.152405252837392,0.180553546494737,0.0892045768282018,0.224251419088022,0.0506726062069381,0.140768950722095,0.0168868340182586,0.232175313107204
"FBgn0028396",0.463643367912443,0.924269490903209,0.480634377001884,0.189576917485351,0.152425022605285,0.0766667900775311,0.0502201437304882,0.0264382522472774,0.0447897076620659,0.100673179766263,0.06975628030299,0.208699020229285,0.19223204205158,0.344714914863848,0.377173194076282,0.669030439273225
"FBgn0028532",0.701378912055524,0.242524353306863,0.914846711704172,0.203544943748204,0.455979009691713,0.278706999681984,0.0248401330506312,0.0210450157087099,0.0312212980922053,0.129444396577727,0.0273917926759353,0.0215833385043369,0.00811963537867696,0.0114287164762628,0.00480061106466922,0.00525048227436849
"FBgn0028537",0.938006049008978,0.96110851177598,0.453605912491866,0.181230252810318,0.0153080980626421,0.00456968699089,0.0344052722777642,0.075498008612742,0.0619423471894817,0.855954632082999,0.98120803362795,0.819208634368667,0.829468092416528,0.94738522607055,0.67873449483437,0.726772262014534
"FBgn0028841",3.74113185202364e-07,1.00267200277113e-06,0.000994918070150176,0.0142434954971105,0.096304057081496,0.149649635780074,0.159574887013956,0.0540521200244513,0.192018054854702,0.0918519389231861,0.04162760240788,0.0981109490870304,0.497703854927334,0.307790398915716,0.158923912563718,0.830476878011818
"FBgn0028945",0.408510493874953,0.162540067608399,0.418388904007354,0.089222992394854,0.0428006738127713,0.122092424591954,0.043358019180403,0.0827553987329454,0.0419881969775898,0.165522258804741,0.0414644911389515,0.028036353875274,0.0327281865147011,0.0346766661594823,0.0345030220132949,0.0281360346220715
"FBgn0029172",0.661324752477143,0.661859146465688,0.539961722034286,0.506440535058311,0.561867725201908,0.0262349129790135,0.209549916521751,0.380569231258918,0.442564437388034,0.780844534534338,0.541464038098439,0.492460048003407,0.585102071227946,0.464206031089464,0.724648346350556,0.997974136068192
"FBgn0029766",0.123237172135124,0.00867048824526957,0.0410861593628853,0.0756813590295164,0.06975628030299,0.538975756454993,0.290731192706197,0.308022573612808,0.0440258189510416,0.0620670053963502,0.232470351787486,0.43390643237954,0.114735991863742,0.116406333835858,0.217752579260771,0.231295676416995
"FBgn0029795",0.373698000503725,0.0274118934402818,0.116749045472035,0.0205575766081683,0.232884836200488,0.0217369571488036,0.00176900703234461,0.000917845378755062,0.00289573253205534,0.00962396310828022,0.0169251627207247,0.000846761516000734,0.000313207555133602,0.000195720317978119,0.00066871198099048,0.000986445257182206
"FBgn0030098",0.945531704118946,0.385259566735039,0.340960768259312,0.0374901760081024,0.140710568285204,0.0175691794486816,0.00657115474993937,0.0104500719285287,0.0135066734249625,0.134585964618283,0.423328079753636,0.0318067011964358,0.0251479405459757,0.055197112206374,0.200765475749055,0.0281578397277772
"FBgn0030105",0.808139376554974,0.719749417702799,0.45417640619041,0.479095181151749,0.266096228275228,0.514437428012998,0.0925845868125515,0.786700849847258,0.0267150856489355,0.222491554494334,0.697955092010392,0.563878560514612,0.777951468968141,0.0894931024312326,0.00867048824526957,0.972261840987009
"FBgn0030326",0.921207862946134,0.56700704318597,0.0259659173682298,0.0505993647044499,0.00813290823223647,0.0116765858239285,0.124350111670196,0.151587852102865,0.560875865008332,0.867119940577487,0.739026669966932,0.73032071997501,0.995442786673291,0.89475095597815,0.361871295012799,0.920174165408791
"FBgn0030911",0.0284826578415922,0.0245839146738888,0.0572529471556645,0.104449732494926,0.0624836306228255,0.173559376473759,0.187728705209726,0.350617761106717,0.488081572449979,0.498965938212527,0.811099506518285,0.810492538614558,0.551170864391396,0.910935799562936,0.571448935016779,0.947380851333498
"FBgn0030925",0.0996038112369764,0.0478648896275404,0.191522684622051,0.416446076438508,0.270931727174109,0.15294855045654,0.266407910742732,0.195063806277856,0.586605253823357,0.544679231727739,0.279011833013091,0.737940552107089,0.164375657809952,0.484575013592871,0.481288513980709,0.591434694920436
"FBgn0030927",0.000459387938149158,0.00623679109864958,0.306449916710413,0.857086909893421,0.702363726777345,0.0728369305496496,0.0701807017856143,0.153385006027416,0.808882318290338,0.555292227521062,0.114801651361704,0.556889083833355,0.589127318630992,0.475536605733575,0.230044635577601,0.417361141443461
"FBgn0030929",0.0739635591792014,0.00670079174725897,0.00660106102690033,0.011265851123767,0.00167075369186285,0.0298180852938109,0.0821442556778994,0.011274908659688,0.00271434358138598,0.392467420370609,0.0219499979239228,0.0750483741949054,0.00813080868514642,0.021378492270654,0.224843086424626,0.13755268108214
"FBgn0030994",0.00120797205542277,0.000947382452067344,0.16639352488247,0.0872532284226608,0.241911960630583,0.0307149517027622,0.018125891689232,0.0965037877073172,0.320392504881659,0.401949946525931,0.250501749530601,0.305652393050811,0.0429551397433201,0.0644896365595458,0.118796993743751,0.0635582227813885
"FBgn0031032",0.247934497094101,0.0506381848297107,0.166670440017067,0.473246662414505,0.0181974091381199,0.614247226931552,0.640344781027828,0.347726685684199,0.61131709665351,0.869844819747145,0.782281623411347,0.813940406568278,0.629840993520943,0.635530462348409,0.953225630051989,0.393060467091651
"FBgn0031033",0.067208419627581,0.0314047324236515,0.367074601136046,0.343389294617829,0.00977330321334692,0.358915407505747,0.264527984144282,0.0751118200770019,0.0453949685745908,0.567624812513662,0.0298571189920421,0.277307511538435,0.0520386157290521,0.160160379334359,0.139669866253716,0.068323391570524
"FBgn0031034",0.0349678353904733,0.0108413884401335,0.0733629309183065,0.10169267708132,0.00290532983144576,0.0700091905285863,0.0466270147978883,0.018048209979167,0.00567752294083388,0.224842053285427,0.00675652716853516,0.123685593022185,0.00974088679286068,0.068149323193126,0.0587990981428023,0.0534470350702175
"FBgn0031432",0.0216593383023564,0.0186320410048747,0.0316594383433625,0.133535848934589,0.413254191647643,0.952224071315602,0.423381253377236,0.0772311880237326,0.0188519464945956,0.254553570212698,0.422697971648057,0.0531274824969664,0.016235984178021,0.00527411734746722,0.0257694675500016,0.00540380697373128
"FBgn0031470",0.929923635557353,0.738466403150619,0.113657674767417,0.0214649889431127,0.0262958755695544,0.0337419993963572,0.0494142692012676,0.0282931390851708,0.114462114638558,0.130118593175067,0.142037376259576,0.191441754031629,0.0292787420741859,0.280337480589685,0.242524353306863,0.314526933910886
"FBgn0031560",0.203730193816502,0.0123698297717626,0.0257320704791472,0.00491349401122496,0.0408364733178208,0.156544242494529,0.197408581057192,0.341359994045776,0.111963702477397,0.229033695864514,0.341723818388229,0.933119755782189,0.177601863082949,0.601955469699965,0.302724008084883,0.580966260752252
"FBgn0031654",0.882294542971879,0.883161381064457,0.693398594171508,0.986612100792465,0.990827938772189,0.188140498849456,0.0647421625257105,0.0954118551776567,0.638920395914538,0.959953650089304,0.729517052793741,0.00100810943705164,0.0440258189510416,0.034070221959629,0.636341761343468,0.0343544520513871
"FBgn0031701",0.539174406689086,0.996915828584374,0.152405252837392,0.0458014576016679,0.0373226602175419,0.0241060515731041,0.018048209979167,0.0116537553113675,0.0260222893332248,0.0484160696358773,0.0443086237302209,0.131086969980662,0.06925503623984,0.128523551986301,0.143529705159804,0.328675541001457
"FBgn0031929",0.390947132742889,0.399311493752038,0.760207788811179,0.519852962375933,0.731748063725507,0.276069648168252,0.0446573378186534,0.131032708130705,0.166994180724613,0.25046160212826,0.0462673991756909,0.0189099399834968,0.0312659452251527,0.102750360607851,0.0228782700019774,0.00709196600843821
"FBgn0031940",0.232220045663555,0.0367313251672088,0.0702694692257456,0.517428421329323,0.113866725265942,0.0151264637595142,0.146664097685163,0.165599855230455,0.100782836505174,0.195354446916749,0.113077795054741,0.4789701282943,0.0970020794967402,0.088148283089013,0.099812181654439,0.12787630426535
"FBgn0031942",0.113254823067157,0.0354379791106192,0.0391663380223069,0.046022823501625,0.0145322434725912,0.00392999693234934,0.0220535482756545,0.0125456409176946,0.0043368723547686,0.01675464515811,0.014077150054928,0.171556551379333,0.0146297823612035,0.00385247639943221,0.0155399994013358,0.0216875619642353
"FBgn0031973",0.0149687947081581,0.0261886584430688,0.700864434264469,0.994181833431891,0.907642161170598,0.727008690637313,0.763973450973682,0.777420522327429,0.960727436291195,0.959575737358351,0.625541696232071,0.842054401739594,0.542386289498384,0.861618397092277,0.924234775473236,0.843903699238789
"FBgn0032049",0.87476201074732,0.575822270469388,0.0714749300042811,0.0224903641181994,0.124047753436203,0.0303483506948874,0.00842573255934965,0.00958206317351109,0.0378442934878928,0.315634557445639,0.0153805770730314,0.000501393748421771,0.00111372839621674,0.00839741266729827,0.0761049572553473,0.00657186893067889
"FBgn0032066",0.831236693818386,0.734083707544163,0.43973589885763,0.924158270503798,0.990235128935948,0.188201983954891,0.00757967591677001,0.297819697145608,0.166779146758154,0.0686533124332188,0.0377801830413248,0.0128154835773421,0.00252703662356782,0.0153596492851788,0.0094555541442489,0.00105653428940874
"FBgn0032067",0.951653455137582,0.760451567258926,0.113334499900932,0.985399441230372,0.913065277086819,0.597000546179084,0.0404750591866887,0.265176749398612,0.290153128701365,0.333851459440412,0.224069865962473,0.157155875822126,0.0437373384141296,0.12915694351445,0.268869800960812,0.0217270918432297
"FBgn0032068",0.46281161612557,0.875912024888114,0.58712159795797,0.63188036823037,0.593555846877816,0.12397670756886,0.0176684283157506,0.123685593022185,0.176365152503842,0.202860419424124,0.0707531966106014,0.0124737362368351,0.00628699898980049,0.0269035087993221,0.0504394829731929,0.00237064750273506
"FBgn0032069",0.315451034186573,0.740091618298024,0.733782175105358,0.752623834277727,0.385094413541407,0.183268580381908,0.0341338947669727,0.209670282745986,0.193107773060923,0.286324243599976,0.066339437731828,0.0210450157087099,0.0126578059127421,0.0312212980922053,0.031924171156431,0.00207258037346877
"FBgn0032087",0.0177605210718431,0.00843996919275594,0.448762430398314,0.417645615546868,0.26847683133886,0.878820453947826,0.496262296643999,0.120947040993116,0.233432235515798,0.889555892675804,0.371499038994471,0.331218684618997,0.15423237318246,0.100645108349514,0.261464634042363,0.0801947716146963
"FBgn0032282",0.751462855641105,0.877759374429818,0.0713730340466359,0.26076010829027,0.0702121545533737,0.248231093674427,0.0123556379555231,0.00615978497066736,0.0211195003750315,0.0830106981624684,0.439052779485603,0.0673510516253296,0.0409353721784027,0.0138937670088943,0.176417736730856,0.242025813330232
"FBgn0032299",0.774721164405915,0.021139237823432,0.003209719436622,0.0234518773840122,0.000220244696876029,9.19314615227873e-05,1.35180019591626e-05,0.000170830002015429,9.29760059281278e-05,0.00961491924666161,0.615013045983533,0.883892799720532,0.00508965693149478,0.00024943680686949,0.753413441018373,0.502264400585487
"FBgn0032381",0.784238664341051,0.107115361864958,0.0804673264613066,0.00629845327127117,0.00800950764611008,0.00471637152151549,0.0145815974722736,0.0592027005196136,0.029008919033803,0.034070221959629,0.0548818420648705,0.635620445081015,0.00732697999302839,0.010934472465625,0.231913528364952,0.207491038254953
"FBgn0032638",0.896246957654531,0.678741818313113,0.807265567982944,0.818224840793909,0.363199287343598,0.186723446490552,0.112321141320463,0.218802848375542,0.174465117492973,0.100301165429297,0.0406509516597457,0.0928845408956436,0.00399905253518512,0.0697119904748241,0.00119028489543322,0.214456429969883
"FBgn0032639",0.870286524820058,0.468634242834556,0.293546382478668,0.165522258804741,0.0533042166561886,0.0160610311278181,0.0144113762494258,0.0494229388395457,0.0307149517027622,0.0165378312090684,0.00834407118367374,0.16437722681714,0.00223340957606468,0.0852953749795446,0.000745692201466626,0.336077539606898
"FBgn0032733",0.290981450695173,0.085793811856874,0.208854252008268,0.040546229120477,0.0466770046466275,0.0937172872204935,0.0219245751521472,0.0170040117762205,0.0196113655144082,0.271021725989953,0.0396913680669667,0.00912272762293954,0.0040966322570977,0.0131845607102219,0.0655503671897764,0.00867509441675359
"FBgn0032805",0.0806455591445855,0.0273543616561145,0.139060150937466,0.258422502659907,0.0925845868125515,0.350031591879041,0.270983778737914,0.335118163536364,0.209522155203974,0.423761552383761,0.347726685684199,0.629626421298237,0.401561986921874,0.192217881503278,0.523890917095168,0.379161823512026
"FBgn0032839",0.949761663073698,0.422140459644736,0.455690565759896,0.29326743569525,0.335098498057899,0.436578251115302,0.141346961243377,0.0909264183021322,0.018125891689232,0.015221124229624,0.0112409048518243,0.0105131519701099,0.0120666412552888,0.0053446230983927,0.00125545720558508,0.0282748581752051
"FBgn0033153",0.02296598959458,0.0257666300587774,0.184339664442707,0.324390502414621,0.145398401022653,0.282033376415077,0.433694440831005,0.604853406695435,0.210871586178804,0.551768675831914,0.597968203045737,0.662969068363086,0.493197865995289,0.463601822922582,0.770570633311689,0.485652077092687
"FBgn0033203",0.462895864967608,0.134682866530667,0.0223112781028069,0.0480075500146395,0.011033915755796,0.00331551445663485,0.107404396269313,0.157753156239045,0.0901487437627661,0.200126363060911,0.2688997295145,0.61078427280712,0.118498549991733,0.0898251676468884,0.256971695405749,0.554157813986664
"FBgn0033216",0.940413871052413,0.465620725187958,0.316817597603932,0.0186320410048747,0.185233263071643,0.123935260662042,0.0518902695992175,0.0560497479191697,0.0477277673420594,0.0282931390851708,0.00161870053569408,0.00198787201455916,0.0494229388395457,0.166811762511083,0.00129090160763096,0.0512298169311441
"FBgn0033234",0.0235455692054717,0.00445551138115196,0.149837410976382,0.279989854827232,0.0322996990850996,0.080330911397933,0.157940564260201,0.378083134203265,0.351337987133934,0.971561175282822,0.867905815276433,0.509771904720137,0.250573951124625,0.418294384720565,0.780211721024034,0.365806356986318
"FBgn0033294",0.598807193905026,0.470708693004299,0.998518812944763,0.718624864839733,0.923679991155057,0.898624090067456,0.272462167500196,0.28939863977618,0.381971122093802,0.41083296769417,0.112356935448733,0.114594800350506,0.0652158285658429,0.0525406870118127,0.0181146805370367,0.0168233277816779
"FBgn0033296",0.681176549627966,0.288257004911393,0.0971094206288612,0.0463168581113763,0.243353223238965,0.129218884135659,0.0270862253757949,0.0221885739310058,0.00546255452223776,0.0106769556088927,0.00491349401122496,0.00128831722209946,0.00119028489543322,0.0012759230217693,0.00177665455404582,0.000927203827943843
"FBgn0033297",0.371139500742303,0.114563281869129,0.0496255649874686,0.0163001655273235,0.147288622210038,0.157182321726249,0.0272569347667677,0.0111598203379004,0.00156473507794667,0.0032445406139832,0.003632611033152,0.000732409152191225,0.000859104217082612,0.000675653912999542,0.000947382452067344,0.000881178218580549
"FBgn0033388",0.00193953892088357,0.0125962806098818,0.091352909532353,0.165759993946624,0.272834380936516,0.07220551690651,0.0469525557262052,0.0424067507090584,0.231667419657439,0.0467169967408581,0.0608439425948809,0.0916478975517983,0.0629222094312153,0.0692952569463376,0.111424450985035,0.215307069748557
"FBgn0033659",0.0441558772040275,0.0122153758403048,0.0146261258353847,0.0376890831744714,0.0229709965399388,0.474035835128448,0.671976517610755,0.0315945328405196,0.0208443449620416,0.346061307332283,0.0322567342640125,0.0861938996857804,0.0474172332337398,0.00821726643434061,0.025669955916126,0.0239007881001388
"FBgn0033723",0.661822677811791,0.368158180967591,0.02178012644795,0.0912214512928329,0.046684853274661,0.0347738755818811,0.435811634502633,0.403319476865265,0.108845678161351,0.0723224662347164,0.163397782499511,0.977004434462188,0.452649416351529,0.231856605121218,0.166670440017067,0.894108695510794
"FBgn0033774",0.0939601089956018,0.0769648396529174,0.0416887854000354,0.0295998782036971,0.0947049159379714,0.192236299007396,0.189765897303351,0.06975628030299,0.0614004427303255,0.0913872177014235,0.0352374941279564,0.003632611033152,0.0711448285318221,0.0441225414387461,0.0390347500431855,0.43097955897107
"FBgn0033792",0.119505413297703,0.0551365854594046,0.50532856249377,0.785937832079276,0.20936782368342,0.99450552338773,0.947386904222092,0.530081072034922,0.644494604845642,0.910437524730623,0.0415278971062373,0.121444745129047,0.113997218267204,0.408863669513303,0.105382408911028,0.142533688538714
"FBgn0034159",0.973863615468698,0.936943264634854,0.628769035276956,0.407314595208069,0.0146261258353847,0.623804257146569,0.570903063298105,0.4152799665044,0.0243822790649211,0.00244527148961882,0.0619311503402251,0.835846042368259,0.71557204847963,0.358501872124125,0.00740181239957615,0.560413010747607
"FBgn0034160",0.00195403072638954,0.00427333942245183,0.127861485146644,0.263511805684806,0.0403675898061999,0.406416192529056,0.596110647958777,0.134992485094549,0.330543361987251,0.830451832723464,0.623465057279569,0.666113337287736,0.19231755396953,0.248944398435266,0.574539210316534,0.232307814459586
"FBgn0034187",0.538528708373736,0.308635298423455,0.925845417499173,0.836612915785817,0.752732084133725,0.691147227104483,0.883713568079176,0.363643700435383,0.662371887999914,0.442034169976756,0.398007832707471,0.584505624139017,0.790339003286096,0.290401520546813,0.0185847958060966,0.859881977779646
"FBgn0034247",0.773050315591142,0.603684947719791,0.704586206760338,0.598570496851993,0.98455194646402,0.982065629413056,0.828604655416066,0.796913770262536,0.644492078039673,0.325592870076193,0.00592702468054583,0.0138491271054034,0.0845584083966352,0.10560280296946,0.0024776239382609,0.00709196600843821
"FBgn0034317",0.0812766084602894,0.0220958685102662,0.146256133611634,0.15041614977333,0.0876273782010637,0.274193845917752,0.309680931165355,0.168854721606481,0.181292174946543,0.968632238117735,0.239357760612727,0.188913781908856,0.113746104422493,0.0967920167702116,0.11390701947319,0.222610518035701
"FBgn0034328",0.422304362727655,0.0776294596080209,0.0217614931622127,0.0323307262177652,0.0213611928633443,0.0182130534083719,0.0711097775466859,0.211905895520814,0.207641685655869,0.159373578440392,0.0946702393157131,0.39566042172109,0.0605292358076412,0.369525702982976,0.0493897176012349,0.629662658606288
"FBgn0034329",0.347619765530348,0.0412593871225616,0.00803691781765623,0.00767013157804599,0.00600673884821267,0.00427333942245183,0.0154407808382509,0.0784360966942172,0.0868833058943088,0.0502442627643443,0.0247365736482516,0.254119774412588,0.0117537567628562,0.224463873755119,0.0223055663910425,0.504949679641077
"FBgn0034331",0.526168500780888,0.0783227312492863,0.0141123158487141,0.00628239749899266,0.0256650765892678,0.0331560814468295,0.0196925753294541,0.0917523714226103,0.0533043168427636,0.0235758308403534,0.0205397270889749,0.325743813019248,0.0180387210045155,0.181902241571931,0.0273147163710634,0.382366988951759
"FBgn0034407",0.00681708208628328,0.00248271384640696,0.00185071877952441,0.00101723252914147,0.00142386067396025,0.00152550108228311,0.00275756538591123,0.00176646458242874,0.00469260326652363,0.00810756971675039,0.00165761382674254,0.0668173196652451,0.00174548908308313,0.00881228070902622,0.00465259135024884,0.0105169563665417
"FBgn0034429",0.968323543360937,0.287656812450608,0.0230886296568565,0.062310257540065,0.0416208667067895,0.273194665579523,0.865980539850705,0.655885295274551,0.0978391709516699,0.0788592829137595,0.560855696742596,0.93264590216257,0.728955300412387,0.550362688393982,0.312060242267793,0.865716701286689
"FBgn0034663",0.432127541864726,0.247143865352639,0.123205819548723,0.0473519476431777,0.319736008794866,0.443455957464208,0.157829413604303,0.0647877406513104,0.00610463436777319,0.0107380742466579,0.00165061456517689,0.00149545551050072,0.00335764765901005,0.00155814900567035,0.000574989255534499,0.00222563748027454
"FBgn0034664",0.461196551350209,0.272601120105004,0.233331118575009,0.164944514836811,0.384450913804667,0.587516724362499,0.205857306272066,0.156109809050277,0.0349678353904733,0.0772113964487942,0.0165378312090684,0.00743398816267543,0.0148397576385208,0.00520869368161791,0.00259328512957015,0.00589651241052013
"FBgn0034784",0.88666969755892,0.883063219016399,0.868844896153857,0.912659388373983,0.364784465023593,0.456140319840722,0.85260239225878,0.170489176629623,0.203426846604181,0.569559403545992,0.996620465130447,0.0538266250806993,0.0763346163385264,0.00807343107632236,0.415930569615555,0.625086744678656
"FBgn0035445",0.94619037583294,0.811564527430526,0.593655736789708,0.0478617609114729,0.0374901760081024,0.0326698746793376,0.066476782074623,0.0772084745339861,0.266731795417101,0.387463117481518,0.368438619436792,0.847419486738816,0.195271677890534,0.531382381243938,0.863571291534104,0.559640243944686
"FBgn0035619",0.395351464871304,0.974372456936042,0.0597291265926941,0.00244288734096081,0.00985606683929684,0.00066871198099048,0.000350043644555935,0.00107957745613402,0.000991705798717377,0.00912272762293954,0.000734546427517773,6.76513453856871e-05,0.000218134842098683,0.000851176151335728,0.0033242600153627,0.00197954930297899
"FBgn0035620",0.00674326229135484,0.940899946883879,0.00710215606710962,0.00185736133660092,0.00238814995881321,0.000214862791587671,0.000110886321087325,0.000352157845695496,0.000189755044763819,0.00244382821391047,0.000207386451947633,2.10854830407526e-05,5.21440622787489e-05,0.000137611878731096,0.000820912192494053,0.000816056155002953
"FBgn0035743",0.222936696331937,0.0339063639935986,0.0521784713019262,0.063697304079791,0.00421772879785464,0.427249226769552,0.704580439024816,0.0685356067130375,0.0278736713235775,0.94169805531721,0.0515070455071327,0.336956944392019,0.0193904038018628,0.132686687223705,0.457417869146224,0.593146278934915
"FBgn0035806",0.160160379334359,0.0961843254578026,0.108773952286508,0.0390369799732886,0.0580629706891784,0.0216593383023564,0.0094753410531682,0.0106360091104585,0.0504641742364298,0.059520040417029,0.0211279115344445,0.208849404781617,0.0122235417288686,0.0505385327478664,0.0271817063362868,0.079531596420501
"FBgn0035886",0.85842498516273,0.0736135098116397,0.216883997725675,0.304476350560637,0.0391143866620074,0.496938354108982,0.350305875479157,0.217616147854413,0.150661122149391,0.930141524392081,0.395268735525429,0.345042376064111,0.430400229930484,0.395479887658445,0.346715560301487,0.882519257021343
"FBgn0036738",0.993071977146017,0.397976379056924,0.00976589003964128,0.00339740770121188,0.0073064347336478,0.00271997541405128,0.000947382452067344,0.00065969961292345,0.00014949777152037,0.000447628886675905,0.00335164708468277,0.000832362376414772,0.000736016299383969,0.000227662579235564,0.000675653912999542,0.00339470504702666
"FBgn0036767",0.00167075369186285,0.0011180833442101,0.100645108349514,0.105192815693752,0.113704468937097,0.33687706679287,0.370441717693096,0.141293011536741,0.128369823021939,0.537739846377332,0.325827669294985,0.256981540096165,0.123091791048996,0.0710987268581351,0.177519297380554,0.0266609240398372
"FBgn0037386",0.942743815670639,0.651571716752761,0.500919303091899,0.450284800091585,0.634351838840709,0.850516932061373,0.554793126992403,0.852002611097196,0.0915892742447584,0.0627863428772373,0.00273604422938224,0.0322567342640125,0.0190369585817303,0.0712050287114121,0.000910899753940495,0.00509371486087351
"FBgn0037396",0.937238366085416,0.816102687058624,0.119075688187086,0.0352446371455779,0.0307149517027622,0.0218046392321401,0.0177423379114115,0.0255137877072431,0.0862466072596339,0.184116602651999,0.317407359278732,0.599761388518279,0.218382806445436,0.692955160711373,0.499988416148373,0.847324346787318
"FBgn0037635",0.910640315882598,0.244396906103729,0.00078538319144288,0.00212189729406376,0.0169414648435227,0.116930005611563,0.995289219852777,0.871814312008039,0.44263235671577,0.715572149073119,0.527293108855062,0.957325197991702,0.409583581954839,0.200597176525063,0.971170276180652,0.996323258396533
"FBgn0038082",0.000328673200936645,0.0038466422908055,0.132150520580145,0.0479219940779052,0.151307427840237,0.56077996770888,0.0713376119291871,0.0146115737571238,0.00213497198566298,0.00645812564478737,0.0403437422397628,0.00484751621908758,0.0300458486738267,0.0165863745473276,0.00300452107646684,0.00867048824526957
"FBgn0038214",0.920703525484384,0.615324973210901,0.227547970345648,0.0474172332337398,0.0627784279662532,0.066155612441314,0.0993717196971283,0.296846774033133,0.321365513556762,0.477989413305882,0.453013132935257,0.902866679021601,0.174947581433397,0.976276851797067,0.322186175821805,0.837262418462067
"FBgn0038290",0.565650676963296,0.447610470789103,0.0117374492536707,0.125059753445854,0.0546376257117252,0.298930578525446,0.995006530245396,0.793954781511335,0.592136491916881,0.566654819423017,0.541355709500169,0.70968516728778,0.372355594867483,0.589910123513096,0.308437288260097,0.974205776888466
"FBgn0038299",0.140651607128923,0.00861519221918507,0.000947382452067344,0.000675512955285693,0.000133847263562744,0.000350043644555935,0.000832362376414772,0.00527411734746722,0.00746345351224892,0.00514970451867432,0.00385019527771563,0.175982312404609,0.000444932907299512,0.0568082212599389,0.00252145268254847,0.0807758231123502
"FBgn0038451",0.617418748200428,0.16708949995213,0.0230243531210514,0.273669255379369,0.6136663955114,0.733781988978439,0.526299374559108,0.00039691671683331,0.0014169689093847,0.32368277804627,0.918764969256084,0.698627720305205,0.86778918171562,0.000435720112006476,0.876036706649269,0.67689471972873
"FBgn0038701",0.0576265504905905,0.0157196485777618,0.000208082351975123,0.00111207923881369,0.000203789267235145,0.000578218737286154,0.00469646981384773,0.00106663266775412,2.75216134980154e-05,6.49191107821975e-05,0.60556079951139,0.798311455825503,0.003632611033152,0.0010644835614334,0.455921774510956,0.903748745765535
"FBgn0038702",0.023261011990767,0.0075531651392071,0.0013253462604187,0.0263167317535388,0.0231384901812722,0.299643600951392,0.687862294093064,0.126975501053294,0.282737652226685,0.912743507740709,0.0464115823553193,0.568766654535149,0.380524441087056,0.575574543800066,0.0195839887092769,0.525451829114059
"FBgn0038718",0.127541560239269,0.0263753470524529,0.073506516230252,0.0598096694912054,0.0358925989054164,0.230346406071759,0.100719758412269,0.0726892531811896,0.192870796693688,0.590768574610241,0.00138799379640052,0.404906676836157,0.206755960234189,0.17118093219072,0.0190369585817303,0.854987595942036
"FBgn0038719",0.44791342525899,0.396164764062089,0.943943223284989,0.81569593720919,0.842038409835278,0.545059360759941,0.752763044049153,0.953163075139375,0.307189375990146,0.0043368723547686,0.000189229412635917,0.269332978336589,0.429395582402849,0.260582875877,0.00210962901452226,0.105753321027932
"FBgn0038914",0.993854142133454,0.220288049972866,0.000511485080838988,0.000892851345417975,0.000441976514056918,0.00789983671793773,0.161047112264604,0.202619349468021,0.265087443591699,0.870038628310108,0.71343816436269,0.873106546492295,0.807147227774357,0.896390562963553,0.699947956970293,0.569223631489069
"FBgn0039091",0.0246828077855119,0.0152974503519689,0.0335004603878949,0.257726525663193,0.0159259657670044,0.230260423351492,0.189765579659046,0.0773295803712098,0.13034491054215,0.757190037562326,0.153672881386872,0.321512932603913,0.196777986694091,0.205371144831725,0.398240707253743,0.401949946525931
"FBgn0039092",0.666151108144205,0.0388008078863197,0.0510162668802491,0.146858408222124,0.0122912451537397,0.273181333294301,0.179766641550887,0.0210790145689689,0.0491211416928491,0.724080604983707,0.0099296464346611,0.0064650556037666,0.00635101731897729,0.0389438374775259,0.11495667508078,0.0170606616020431
"FBgn0039298",0.502884699230261,0.0133514631067304,0.000108699105749756,0.000116938380219949,2.74026460616e-05,1.40757562245511e-05,8.4311443131329e-05,0.000756076761516125,0.0729760324282904,0.953885401807218,0.626407553805659,0.895797294300705,0.000894292322236114,0.0873761391577786,0.22712073203994,0.781530941721752
"FBgn0039299",0.400222271256924,0.10689956878811,0.0176684283157506,0.04469589915854,0.0576265504905905,0.0103326212052037,0.00278259706904934,0.00504682873563591,0.129753324610348,0.561326515276387,0.964841769293088,0.454760038030196,0.0160148707374915,0.211908891754211,0.619933978105776,0.839171681541508
"FBgn0039310",0.164138088206868,0.00210840531764585,0.00827997549921784,0.00504862915140631,0.00827997549921784,0.0560537819400521,0.0116527386555235,0.00229632631851161,7.35516061839092e-05,0.00262651048881213,0.211222333710098,0.222896111866068,0.0250308073611082,0.000755768577758518,0.00355308342210758,0.138037787350302
"FBgn0039316",0.251706904766082,0.191605349418396,0.0123977406924502,0.0721061226818547,0.0263753470524529,0.910218359345004,0.331840518128183,0.37541825317779,0.0198299879721089,0.219018559821787,0.305262307065379,0.437430257443924,0.322993366499476,0.130924348851072,0.204711744696749,0.447673081320748
"FBgn0039325",0.704471316152281,0.169396273289916,0.230780544340893,0.323376561686646,0.132150520580145,0.0310505483696766,0.00710138197468294,0.000892851345417975,2.55505486117375e-05,3.84929885466638e-05,0.408769081623662,0.92888576412949,0.17741256327873,0.000262545822582881,0.0988149426823932,0.946977977092714
"FBgn0039342",0.334817006848951,0.402675746573989,0.114044104111303,0.00184493219602177,0.0875171614409957,0.0447220627075083,0.00911800676782235,0.00383230498915481,0.000771326854010145,0.00174277151260126,0.00817750607958157,0.000252819159715409,0.000626144541604605,0.000873937754751866,0.000991705798717377,0.00324189120846428
"FBgn0039470",0.295838165646532,0.0338867035616986,0.0665966516814174,0.0841603338416105,0.0433138449603825,0.210536743035084,0.127314263741002,0.0649111964006103,0.0623338713286523,0.579964676927874,0.332847928421242,0.195325178818299,0.279275275992539,0.167120028736483,0.383792541445008,0.240514015904255
"FBgn0039593",0.00323572618565525,0.000468035588854414,0.000668399807601178,0.0011034251375795,0.00285187876017367,0.00566175423201839,0.0043368723547686,0.00180471540668379,0.00104204937142721,0.00546163229534222,0.0128983830552017,0.100956586174902,0.000967835054409495,0.016235984178021,0.00557776907012701,0.200735193676403
"FBgn0039666",0.784234102839945,0.787702906442344,0.185368593565753,0.0547909217735895,0.0585704283673946,0.0382673786953472,0.028857835350067,0.0259278524435658,0.0704689954182477,0.157155875822126,0.214921569762426,0.434565771865122,0.230700354934241,0.417130008546808,0.52600150219974,0.886588183535282
"FBgn0039759",0.0462248652588192,0.0511893789459883,0.403144649642533,0.510608581385614,0.515681373994755,0.672959126310876,0.489504869330485,0.542098528699864,0.775563055207958,0.767290969464643,0.493024197959497,0.614227221574276,0.462284302379286,0.435790015707922,0.373646225978352,0.493706898025507
"FBgn0039768",0.433048553650417,0.493557789628845,0.68589471340779,0.39577319249845,0.505867512588171,0.160525210386876,0.044333236218835,0.0832979146940448,0.0676931077435915,0.153026704550009,0.033512068285307,0.0264302520110831,0.010822977031493,0.0223640939994363,0.00802854652707955,0.00361390213712223
"FBgn0039769",0.210000525858802,0.178590040874136,0.985497830234238,0.22427841627024,0.271221964383754,0.12655418237148,0.0354379791106192,0.0563024862065166,0.0831726404486333,0.33072270476891,0.0629113849147604,0.0260218273184411,0.0165833572850088,0.051126930310587,0.0229124089772237,0.00618093202372886
"FBgn0039873",0.123545202907076,0.00476092948099649,0.122979497807976,0.172713907458524,0.0193985072913068,0.00400725301641176,0.00111372839621674,3.05552928864076e-05,3.74113185202364e-07,6.94500770639477e-05,0.807738493364715,0.977401151160777,0.0374901760081024,1.34515288190478e-05,0.289479419103983,0.921489480535426
"FBgn0040609",0.985497830234238,0.38179366956955,0.0599015635579865,0.0223055663910425,0.0188799194258424,0.119464530820769,0.433012852341449,0.56474941212431,0.0251479405459757,0.00987263025117095,0.00722576890220799,0.212179179206259,0.0426554977710286,0.140499244953063,0.00784491809400757,0.280693478484526
"FBgn0040653",0.342334125562627,0.0268849089013133,0.00404797707730502,0.00135825443595174,0.00206407557562255,0.000960281429136115,0.00221970437173019,0.0124959600829987,0.015230926928567,0.00732436226220584,0.00319883778439674,0.103156275993986,0.00116854425066969,0.0464682736431064,0.00503553840845138,0.230306051223867
"FBgn0040734",0.625334895945941,0.198359378417684,0.148333138264933,0.0785397900981963,0.0483447577988783,0.0551790422601663,0.0612066039312536,0.242702552938099,0.142098064891311,0.16609975761093,0.128412062117929,0.279093227431384,0.0988447279234817,0.498038996163678,0.02227581374412,0.844219128717385
"FBgn0040735",0.953184150650713,0.577770719350241,0.170076706551324,0.0107380282551734,0.0113423753117938,0.00770852452687591,0.001685946771016,0.00560103306683283,0.00813290823223647,0.00584926764831687,0.00514411692467079,0.232523502102925,0.00493488823174734,0.187636693249596,0.0130381960626701,0.289746016874455
"FBgn0040736",0.10650503417185,0.00484915759581107,0.00192888089314123,0.00148911049448073,0.00339470504702666,0.00284171933577144,0.00504862915140631,0.0315081994236443,0.0169679273026856,0.0108772933520006,0.00789983671793773,0.164015881710434,0.00421804121133098,0.103518054853456,0.0134763744657486,0.295776133594668
"FBgn0041182",0.201930081671305,0.0214233684128491,0.0257163451557117,0.0267150856489355,0.00813290823223647,0.00195403072638954,0.00268561645469627,0.00687890935677835,0.0509735382313415,0.0436125406014014,0.0102061858322984,0.460982745144603,0.00231318400822296,0.253185013294372,0.219911989321003,0.436307140611893
"FBgn0041579",0.00825166662386311,0.00404399458201873,0.00322643115545953,0.00275756538591123,0.00355308342210758,0.0042157368851178,0.0114304880836109,0.00504862915140631,0.0188519464945956,0.0207143048329871,0.00393325988848897,0.08290592572199,0.0040966322570977,0.0159583697000629,0.00797206254203823,0.0171876472725767
"FBgn0041581",0.0308885267467899,0.0136065703716525,0.0231384901812722,0.0414238917804719,0.0675074522676041,0.0443625129439197,0.109383352560796,0.0711448285318221,0.150291549617916,0.140203820708728,0.0430297832093037,0.319289854419317,0.039163532400881,0.107933126920526,0.068384605229741,0.177309192345551
"FBgn0042086",0.00170396357421134,0.000832362376414772,0.0334372755779369,0.0425736655671317,0.0463626114790025,0.376350951856997,0.25266499772773,0.0507681484241276,0.0297342306132785,0.413263779799587,0.146100105581744,0.107982369747278,0.0534477939438726,0.0125456409176946,0.038454386942073,0.0246828077855119
"FBgn0043578",0.0251218160013691,0.0150601762088657,0.0236972542819879,0.0165380156050164,0.0336310304291334,0.044177384309664,0.0391409044230341,0.0237749405999397,0.0943652768904735,0.0700519110853543,0.0205230237613916,0.17118093219072,0.0218507157694142,0.0483347501676395,0.0271431676889316,0.0500382540262884
"FBgn0044812",0.403408719351299,0.944028994848317,0.52683690319966,0.193634914949066,0.191684332398733,0.0939886297789964,0.0630615768399253,0.0347738755818811,0.0641536744575552,0.114594800350506,0.0882207150441317,0.265225903078783,0.258531047097564,0.460982745144603,0.470063517754761,0.862885926391038
"FBgn0050042",0.656694847906258,0.251623850840931,0.0221301208950864,0.0747891481891839,0.0258482108120639,0.00697779573874109,0.144364944131118,0.161905266063807,0.0169330882715065,0.0139933354879832,0.0460432589531915,0.763932182350169,0.277182530618731,0.129394911604225,0.115568866314164,0.727198514625649
"FBgn0050091",0.972152769151631,0.532623025361186,0.120467672206735,0.0524517831819234,0.017316152306204,0.019865787447065,0.00836392792342287,0.0200433641715523,0.0202537544312934,0.0280142196973612,0.0505993647044499,0.0829702843250717,0.00532631669753654,0.157829413604303,0.0164628712134232,0.51262782019275
"FBgn0050098",0.862303743748077,0.730472841136673,0.102681328345505,0.0254689175349733,0.021907494085236,0.0836237289813663,0.070133045414773,0.126341750068181,0.243218175820411,0.300323242960867,0.481050290382955,0.954257859130991,0.171777553001793,0.43722052574895,0.31984715681928,0.725845743223636
"FBgn0050160",0.00170396357421134,0.000832362376414772,0.0333146646679932,0.042462091041445,0.046219362588308,0.37587062230593,0.252194824629056,0.0506726062069381,0.0296250356323783,0.413287183103533,0.145660129995515,0.107861186476384,0.0534350465921301,0.0125111680878593,0.0382974492215271,0.0246330138623232
"FBgn0050360",0.466254661800282,0.423930493490723,0.236483410142919,0.179576184091835,0.394830308106851,0.640094404264994,0.270955244127819,0.116525327400697,0.0838686029096509,0.129444396577727,0.0483807576920807,0.039167637291927,0.0251143568519483,0.0195957356016423,0.0164766092174849,0.0461163326379594
"FBgn0051041",0.0192645676038154,0.00218093561570848,0.018048209979167,0.00959511313705116,0.0306764217067071,0.140654830769616,0.240229948798109,0.189236685860729,0.0857532365665404,0.986839421528403,0.877597824548528,0.986833488265296,0.853745957811678,0.17948546372321,0.342509293193263,0.905672372478525
"FBgn0051087",0.310003013498379,0.341966648642364,0.45144853261577,0.408990017140847,0.186723446490552,0.43812145540226,0.223428121551726,0.100705294211244,0.081222722866697,0.273831336778876,0.0478676843490902,0.0374569892678469,0.0315945328405196,0.00315693692064343,0.0171515071464567,0.134655889760012
"FBgn0051089",0.825502116260649,0.496151454481376,0.649495665687605,0.903582812734141,0.50894109017116,0.913032232725178,0.833267433690297,0.893030233053088,0.162818887470414,0.261389812703932,0.168607752009582,0.188689072271553,0.128830342038655,0.250886451639139,0.0661444456450977,0.0174952188303334
"FBgn0051091",0.408499224843961,0.900877136646603,0.856915739549779,0.639607027338903,0.999897858164178,0.737084026220804,0.355895036232624,0.270745190541113,0.0345130216441066,0.133331629408707,0.111613522016643,0.0697005313956389,0.0905550553030957,0.0662763607607242,0.0909229576936366,0.00858447648335779
"FBgn0051104",0.105426685023236,0.135432918843628,0.0349956228322243,0.0267269903921108,0.0714297690849792,0.769711890637259,0.239242009525058,0.121398982578814,0.00279328828681699,0.0004427880065335,0.000426409173447488,0.000393576199629946,0.00228619837695159,0.000858961047428448,2.55505486117375e-05,0.00314955741904259
"FBgn0051148",0.878038456427224,0.415449741832012,0.958489009849611,0.748295063032483,0.507042788430816,0.619491539238346,0.181932711508595,0.0978347696752743,0.172810683957394,0.37829637953828,0.0551365854594046,0.112906520187218,0.0281360346220715,0.0374901760081024,0.015027044953684,0.021139237823432
"FBgn0051321",0.703230018125624,0.14285453291007,0.0322651359151749,0.0516793690675876,0.016235984178021,0.00878442327935076,0.021017101857048,0.00722495316979367,0.000155567295694909,0.00129229765895582,0.473516259360704,0.982005459668644,0.313397603772383,0.00226048030784414,0.62081971842318,0.75609589477946
"FBgn0051354",0.000771326854010145,0.0224141721272168,0.085234570698451,0.374832578774734,0.0292960197664596,0.722171676162864,0.418152903669844,0.881763420273497,0.876421347562435,0.659406308673258,0.913989692350288,0.969657212680222,0.789689658890785,0.548203506201151,0.784461115710726,0.665773529440746
"FBgn0051463",0.570740394082524,0.36940574582924,0.969423561210901,0.31086781900764,0.584851826639485,0.287322810813498,0.128108829095778,0.113933001029066,0.207054041461604,0.653705514760983,0.142256959443964,0.0912262968122732,0.0365328225651054,0.0702121545533737,0.0852149904988566,0.0167006938008596
"FBgn0052185",0.0684593955106861,0.0689823796698106,0.0236145853392672,0.013053271429227,0.0151464730380073,0.00757967591677001,0.0160350431124513,0.0138596500172386,0.0393627546536174,0.0481330271647217,0.0094753410531682,0.172378345704848,0.00609966311941994,0.124640647394817,0.0186320410048747,0.0399625803135315
"FBgn0052251",0.853918101494005,0.528937778952673,0.239320730258626,0.0248401330506312,0.0223640939994363,0.00287283760338654,0.00224739336429556,0.031311652971319,0.0961885014157896,0.195088672798533,0.376107715755853,0.487588491370399,0.0684605472615569,0.150552210171879,0.13142488606394,0.169626721784284
"FBgn0052274",0.0487423519618067,0.116996440288682,0.237720115623538,0.140038438422616,0.36345999395823,0.0959978455255137,0.242891834561635,0.284529809848769,0.277942206336976,0.247854016124115,0.0278789045798271,0.30509658276889,0.0203014002848121,0.0118909212579037,0.438614573684359,0.0319855767281001
"FBgn0052279",0.227599351609504,0.167335158511716,0.116502456361592,0.105426685023236,0.0216593383023564,0.0282931390851708,0.172914224218649,0.103168680005606,0.00628506370873738,0.551126971130841,0.045848178563461,0.532464264825318,0.018125891689232,0.0721503028868964,0.150291549617916,0.37829637953828
"FBgn0052283",0.978673299502396,0.198927185293255,0.582021024340108,0.0969929714673264,0.0544790751541737,0.0937437818436666,0.191903958534532,0.0484646680041517,0.0144753587393174,0.356266967150547,0.0278736713235775,0.22164008829833,0.0120666412552888,0.0529230612311315,0.41174122788512,0.33008085966197
"FBgn0052302",0.398830485888807,0.184126984244779,0.0390988474086529,0.292847993096266,0.00289573253205534,0.511999248999343,0.439516715120574,0.0389129010960651,0.538355465454833,0.756377344761641,0.0345030220132949,0.262437372328183,0.0237749405999397,0.366767699026887,0.954449003067799,0.527806781816444
"FBgn0052751",0.898579907338542,0.726044703749065,0.547816883890129,0.507543812323958,0.214128508465408,0.0850891899127804,0.017300606445738,0.00892051093075155,0.0076742305078729,0.0317282766636123,0.814490609943046,0.636657054589613,0.488274237578936,0.0286611884399454,0.428238598128588,0.975591199745775
"FBgn0053301",0.0149641204914038,0.00314888155454932,0.00162648961404427,0.0320760006917816,0.0152974503519689,0.288424913714269,0.439800548948469,0.150596673236398,0.0144539034408227,0.115583262549313,0.107944570950527,0.0408801877245443,0.195390278351736,0.0143682909752718,0.0278736713235775,0.145334242353893
"FBgn0053306",0.945871925822149,0.76040597303012,0.926341951816837,0.133930348322288,0.635759599295205,0.142607071767714,0.00655301676198421,0.0138728340478299,0.0107292828694223,0.0878469148156331,0.0572947677241515,0.0153163185689389,0.00275756538591123,0.00689735714780102,0.00334700834581751,0.0042617843119231
"FBgn0053337",0.100607436637813,0.0494935068432115,0.265879050980436,0.780749564439765,0.032435377397427,0.494410698914122,0.31017453518436,0.150024329933079,0.215168492453833,0.93813617874065,0.0539902127071477,0.295491869016208,0.0893432753497487,0.459016440324327,0.24474856071237,0.409669081680699
"FBgn0053469",0.0076609326487824,0.00689735714780102,0.0358779892897347,0.022190908026719,0.115449313952413,0.166899814535093,0.0533045804184904,0.0317069863403993,0.00523216900881065,0.0763227345149018,0.0426200001395303,0.435999690020642,0.0322996990850996,0.0128154835773421,0.0667134416221798,0.075256414307927
"FBgn0053470",0.28833445660406,0.0314542910882546,0.00772511337556166,0.00665749270221932,0.00892051093075155,0.00794415425455471,0.0134487187262326,0.0610109395453702,0.079995195923491,0.0464713347290787,0.0223055663910425,0.214111400224451,0.0101468070081646,0.212729030615482,0.0362897144606932,0.293658749698889
"FBgn0053509",0.874399261320118,0.239357760612727,0.00424693949696847,0.0144113762494258,0.001685946771016,0.00928290733884402,0.0779874589888001,0.189257602768296,0.157182321726249,0.590707943642013,0.411469789662936,0.268871068212997,0.743170638969529,0.934186999232749,0.326411088960151,0.919723057188827
"FBgn0053511",0.192622941386351,0.304625757063606,0.427461180330973,0.248165223547479,0.276712969367113,0.0253618977225746,0.00490159787257145,0.00265751354781093,0.00445551138115196,0.0155543506859604,0.40328757680871,0.876796154694068,0.352745918307929,0.00185736133660092,0.131183753033182,0.989123356266047
"FBgn0054040",0.754625419176706,0.590748813474027,0.466192842402108,0.65088150831621,0.885062961515461,0.985665209252426,0.589926478392576,0.586580459697527,0.131248659720878,0.154222858589255,0.02570826322293,0.0286197861454459,0.06975628030299,0.0365328225651054,0.0149712648612177,0.015027044953684
"FBgn0054054",0.0359433477246681,0.00646932337067764,0.0207143048329871,0.0369838253726395,0.0849209741547028,0.0561964641190712,0.0912262968122732,0.0794882434076895,0.128108829095778,0.0491211416928491,0.0356040323957675,0.526687075642195,0.0186488740967119,0.254205385208668,0.0484232268460053,0.307734023460632
"FBgn0067905",0.44306700449024,0.0570000743205503,0.00743398816267543,0.00244527148961882,0.00352020558541829,0.00267842345328834,0.00611605060353619,0.0325363163395776,0.0366873315082612,0.0146972738050435,0.00811963537867696,0.240512437205282,0.00416367227329267,0.203653774010635,0.0106960893036515,0.360881210507256
"FBgn0085209",0.455909283911819,0.0603087720775904,0.0155537114169638,0.0596800130109047,0.0166844417100059,6.76513453856871e-05,0.00392999693234934,0.000821504395700751,0.00244527148961882,0.0453548092401856,0.87196933408285,0.218421029983101,0.00181279406108552,0.000663386976952145,0.461198554702329,0.317456772147119
"FBgn0085358",0.656539406906527,0.489015158594544,0.0367350320445697,0.00214134401972978,0.0269053378680193,0.00372454021670609,0.000756807643648646,0.000643941148721732,0.000392455775212266,0.00159066476806384,0.00391249765146595,0.000359212895973974,0.00036156952112475,0.000703026878809853,0.00403969331616177,0.0100238527144783
"FBgn0259229",0.951892504202873,0.213071616310702,0.00135992256886316,0.000950330771114651,0.00100095617505655,6.33846486269886e-05,0.00195060673327814,0.000458779678375976,0.00103526119919947,0.00309572056870133,0.172067865507151,0.860476646098943,0.0218263723488824,0.000458779678375976,0.263453058364546,0.985902664914904
"FBgn0260437",0.0717403479027715,0.0324811686245185,0.0377801830413248,0.0842204872785271,0.204797906215591,0.918574444305889,0.732259669042557,0.128412062117929,0.0345130216441066,0.346251503789804,0.0209302365224596,0.0766439554783919,0.0304559120907098,0.00977330321334692,0.0146669308737874,0.123334421337646
"FBgn0260746",0.0199895511299956,0.0436388867287398,0.448461596504045,0.56102401107188,0.591780116058911,0.397976379056924,0.156172129675526,0.0791024219684625,0.258590195907681,0.216260722205577,0.0755542026500413,0.246427749409409,0.123336367156092,0.128121166588768,0.0641124465092168,0.150885359096379
"FBgn0260954",0.937967285744175,0.961079214886514,0.453392239836646,0.180937416599435,0.0152900100374446,0.00454886615133833,0.0343544520513871,0.0754010002719272,0.0618633908165179,0.855898777667388,0.98119556836203,0.819152838885341,0.829386714664854,0.947380851333498,0.678542725970053,0.726692045827907
"FBgn0261575",0.619692207088837,0.624545670160984,0.55959936462126,0.550523331893293,0.903712050989943,0.650604251948725,0.89475095597815,0.768983495241928,0.265499394747888,0.180663160099106,0.056950972623956,0.0521778504567034,0.010883695587324,0.00942138611698577,0.00629845327127117,0.0195957356016423
"FBgn0261632",0.00875595178364712,0.0170838471265418,0.140828485595285,0.169484802602678,0.160557545369161,0.254553440517747,0.294089199189826,0.196676698803865,0.251094275184633,0.184695795827181,0.156164545267005,0.245150860599167,0.18505203189799,0.228064112876675,0.104460453801241,0.168585982120275
"FBgn0261675",0.40604628433979,0.290663660774732,0.621196933237056,0.879946197394643,0.315667891638831,0.34885937104071,0.0932030844310077,0.042580304770485,0.427316522736622,0.978595635471795,0.277719514324854,0.139110899165106,0.0709731757699989,0.0852282649600321,0.101317675338519,0.0542441630588378
"FBgn0261930",0.824596862001528,0.441068075078501,0.386780419946653,0.310282322952285,0.211209944858764,0.153506714975328,0.121313416550563,0.0494229388395457,0.0544790751541737,0.0791024219684625,0.00799345811807286,0.0029755552901791,0.00722214306938342,0.00626520098473455,0.00894961625835104,0.00867737072582362
"FBgn0262142",0.291004050891712,0.313397603772383,0.107557508749851,0.010683805555989,0.0549683733865865,0.00993799670528285,0.0121135267498495,0.0312922015853859,0.0104081906358349,0.0328711203253306,0.0206658066801103,0.389896578586485,0.0526497517662369,0.0928845408956436,0.0988447279234817,0.274854242895042
"FBgn0262146",0.354873835264508,0.182708759988196,0.00763818291395191,0.0053035658124673,0.0442553654869271,0.058026055645405,0.0669686188535231,0.110266205718877,0.258622854919943,0.813442969567556,0.939212423900488,0.00398482358356017,0.142490520279627,0.0134391363389498,0.481175584587593,0.0260218273184411
"FBgn0262357",0.873269180121118,0.653727147970799,0.206692969379836,0.0273293677053113,0.328580595000001,0.0802861973550358,0.123419360135749,0.11754006047318,0.0423133755685051,0.0676931077435915,0.0315162372052189,0.0189031359383507,0.00588018238695168,0.00468879242256984,0.00657186893067889,0.00961976810043328
"FBgn0262531",0.905178273764032,0.570897343486508,0.0386951023479163,0.00624104746955507,0.00626520098473455,0.019292629366199,0.0806455591445855,0.192870796693688,0.433886381805216,0.606270155617066,0.634943979052988,0.92575152818511,0.134707820609501,0.741440124662545,0.791699546842313,0.923991403054391
"FBgn0262721",0.00620173900198949,0.00109640384676499,0.0644838975583521,0.186581448740761,0.329567379470555,0.98208019387012,0.965630922177982,0.74677853295307,0.596857576562465,0.922454991995504,0.926805433612396,0.898774651213426,0.756261190773967,0.661920831861627,0.538740591697501,0.445237107297494
"FBgn0262838",0.00383592519206933,0.0012812304851889,0.00786558385974144,0.011274908659688,0.00655301676198421,0.00276274690893503,0.0136831848707904,0.0211838088898029,0.0436388867287398,0.0310397713734735,0.0103282347393649,0.267114443487399,0.0054245701259551,0.232166971566381,0.0200560860724698,0.330224161363923
"FBgn0262881",0.0365559200662085,0.019683622141923,0.0250870459553013,0.0216431302318231,0.0356040323957675,0.026407429476798,0.139985352377551,0.0556699895052931,0.189602943905536,0.143266007009599,0.0360640837514699,0.221260780022774,0.0259326419011221,0.128348756412136,0.0462929670290553,0.144173399085316
"FBgn0262951",0.224463372170251,0.156172129675526,0.125024674814076,0.205513815578908,0.248442015716162,0.29121900934468,0.286354521176402,0.0818868568541073,0.0288780441556331,0.158542682257639,0.331288903720743,0.26601954191358,0.0844834653623109,0.0590703217046243,0.0647421625257105,0.369553661146511
"FBgn0262983",0.111963702477397,0.00620173900198949,0.00511670783706143,0.00129090160763096,0.000585611420641123,0.00118480227583231,0.00297209630845329,0.00811963537867696,0.0184759522036385,0.0276045440033869,0.0124900136949826,0.0922399246877254,0.00187168404604293,0.0759035051233188,0.041883157031979,0.563805499651144
"FBgn0263080",0.17087465106182,0.0362723068988742,0.0540455839231489,0.0448110255194298,0.0449463862453861,0.511427728000725,0.686768981717831,0.230260423351492,0.321517632356222,0.971936403139805,0.236799673573593,0.395192311651544,0.0971028871014455,0.0935542556166761,0.30424025094282,0.105487366776013
"FBgn0263096",0.0639559906458903,0.00485048392865046,0.333412513754012,0.675884866393939,0.864727905322266,0.249099115908865,0.349894361655594,0.817519960449149,0.600472370744613,0.344329715878515,0.6643155005153,0.460487946913999,0.937175275103034,0.494306560179966,0.881001745417721,0.816553238798016
"FBgn0264541",0.0230836507038332,0.0174306626825653,0.013009758001347,0.00551867801945294,0.0109893188342925,0.00803848456424676,0.0116507978169896,0.00864407160753907,0.022211530355956,0.025336564076345,0.00546163229534222,0.117350468316282,0.00646932337067764,0.0968399552133238,0.00618127437236844,0.0198107135329928
"FBgn0264994",0.567539713790546,0.448893838635064,0.435990486745103,0.195549080401606,0.295042977939736,0.981124371107583,0.161107278647213,0.39762694564128,0.10086224012084,0.140710568285204,0.374474893986348,0.197934978490417,0.227750299540701,0.160753159154611,0.0170606616020431,0.683176317448135
"FBgn0265577",0.0988447279234817,0.038162828580603,0.0241274261285922,0.0166946590771459,0.0196760387922669,0.0245095577332178,0.0590236587348545,0.0337862893485779,0.0706596485558596,0.0763382140978144,0.0123923858211431,0.231403355711396,0.0112960898379221,0.121041733658608,0.0122235417288686,0.0740393945806224
"FBgn0266168",0.184751912230261,0.0439577084093885,0.0246402287371633,0.105220661278201,0.124254056763724,0.430226460370304,0.794137978164049,0.187842636116719,0.133471322548735,0.291250737192116,0.242572140242675,0.105912157838225,0.712965474042185,0.116823705232348,0.0422736540488213,0.184400986463206
"FBgn0266405",0.0647877406513104,0.0255381570940478,0.0123923858211431,0.00310524641829443,0.00599704861626784,0.00527411734746722,0.00493132949436739,0.00329780722899454,0.00375397983546981,0.00626520098473455,0.00376161060645901,0.0937437818436666,0.00331509698589295,0.0136890460372299,0.00772511337556166,0.016235984178021
"FBgn0266431",0.0214007476715062,0.0242549421509148,0.316158539052053,0.455452536153344,0.306143717138232,0.799255274535168,0.330265368378673,0.325535808276632,0.215243884531674,0.301206549982132,0.426821208826981,0.841194091833831,0.599210299868797,0.306309959439677,0.16609975761093,0.677010659723937
"FBgn0267513",0.684278696531852,0.717027889461172,0.74643848220848,0.343391843333189,0.906292873510654,0.88790182707672,0.559992569123167,0.784851402886511,0.730401477483603,0.434874891031085,0.97030802020074,0.875260110502283,0.882088705057322,0.957608678770513,0.919617402637667,0.0263167317535388
"FBgn0267635",0.0517951840220255,0.045495426584849,0.160125652884786,0.0479750434396235,0.160329918065568,0.409507266132595,0.285738516980122,0.067705351861696,0.0412345741253249,0.0600557684206317,0.0482871765905187,0.186586125766682,0.131797821058241,0.0218685810174572,0.322029480962984,0.162981205224664
"FBgn0283427",0.875134559275833,0.545678453314475,0.00300430170014015,0.000352157845695496,0.000259974264979357,0.000728925900107277,0.106773818732196,0.956754279629615,0.241933737838966,0.24773179870889,0.478891526705079,0.601598203625334,0.820435725243535,0.454088422281448,0.854254251884769,0.607042816778946
"FBgn0283461",0.593650962441646,0.273669255379369,0.146998489067923,0.0998534559130942,0.0788592829137595,0.0516846331918928,0.0759298853641376,0.128412062117929,0.114594800350506,0.0881147232234999,0.018125891689232,0.163266515552267,0.0164628712134232,0.15801448247876,0.0251479405459757,0.276208597181097
"FBgn0283462",0.28833445660406,0.0314542910882546,0.00772511337556166,0.00665749270221932,0.00892051093075155,0.00794415425455471,0.0134487187262326,0.0610109395453702,0.079995195923491,0.0464682736431064,0.0223055663910425,0.214086818946674,0.0101468070081646,0.212729030615482,0.0362897144606932,0.293658749698889
